date,product_id,product_name,unit_price,sales_qty,stock_on_hand
2024-01-01,PROD_001,Premium Rice,120,41,184
2024-01-02,PROD_001,Premium Rice,120,37,170
2024-01-03,PROD_001,Premium Rice,120,37,118
2024-01-04,PROD_001,Premium Rice,120,40,54
2024-01-05,PROD_001,Premium Rice,120,50,160
2024-01-06,PROD_001,Premium Rice,120,59,100
2024-01-07,PROD_001,Premium Rice,120,59,63
2024-01-08,PROD_001,Premium Rice,120,40,103
2024-01-09,PROD_001,Premium Rice,120,40,58
2024-01-10,PROD_001,Premium Rice,120,42,96
2024-01-11,PROD_001,Premium Rice,120,38,184
2024-01-12,PROD_001,Premium Rice,120,59,124
2024-01-13,PROD_001,Premium Rice,120,53,102
2024-01-14,PROD_001,Premium Rice,120,55,81
2024-01-15,PROD_001,Premium Rice,120,44,123
2024-01-16,PROD_001,Premium Rice,120,35,174
2024-01-17,PROD_001,Premium Rice,120,42,137
2024-01-18,PROD_001,Premium Rice,120,37,63
2024-01-19,PROD_001,Premium Rice,120,58,161
2024-01-20,PROD_001,Premium Rice,120,56,148
2024-01-21,PROD_001,Premium Rice,120,60,145
2024-01-22,PROD_001,Premium Rice,120,43,104
2024-01-23,PROD_001,Premium Rice,120,44,157
2024-01-24,PROD_001,Premium Rice,120,43,150
2024-01-25,PROD_001,Premium Rice,120,45,77
2024-01-26,PROD_001,Premium Rice,120,59,146
2024-01-27,PROD_001,Premium Rice,120,56,60
2024-01-28,PROD_001,Premium Rice,120,56,111
2024-01-29,PROD_001,Premium Rice,120,42,64
2024-01-30,PROD_001,Premium Rice,120,38,184
2024-01-31,PROD_001,Premium Rice,120,42,121
2024-02-01,PROD_001,Premium Rice,120,41,110
2024-02-02,PROD_001,Premium Rice,120,57,174
2024-02-03,PROD_001,Premium Rice,120,53,50
2024-02-04,PROD_001,Premium Rice,120,59,126
2024-02-05,PROD_001,Premium Rice,120,37,149
2024-02-06,PROD_001,Premium Rice,120,42,181
2024-02-07,PROD_001,Premium Rice,120,37,104
2024-02-08,PROD_001,Premium Rice,120,41,152
2024-02-09,PROD_001,Premium Rice,120,57,176
2024-02-10,PROD_001,Premium Rice,120,53,165
2024-02-11,PROD_001,Premium Rice,120,55,148
2024-02-12,PROD_001,Premium Rice,120,46,74
2024-02-13,PROD_001,Premium Rice,120,39,131
2024-02-14,PROD_001,Premium Rice,120,39,53
2024-02-15,PROD_001,Premium Rice,120,43,80
2024-02-16,PROD_001,Premium Rice,120,57,136
2024-02-17,PROD_001,Premium Rice,120,56,186
2024-02-18,PROD_001,Premium Rice,120,55,104
2024-02-19,PROD_001,Premium Rice,120,42,159
2024-02-20,PROD_001,Premium Rice,120,41,95
2024-02-21,PROD_001,Premium Rice,120,44,63
2024-02-22,PROD_001,Premium Rice,120,43,67
2024-02-23,PROD_001,Premium Rice,120,58,171
2024-02-24,PROD_001,Premium Rice,120,52,128
2024-02-25,PROD_001,Premium Rice,120,53,99
2024-02-26,PROD_001,Premium Rice,120,46,55
2024-02-27,PROD_001,Premium Rice,120,34,90
2024-02-28,PROD_001,Premium Rice,120,41,69
2024-02-29,PROD_001,Premium Rice,120,43,58
2024-03-01,PROD_001,Premium Rice,120,61,190
2024-03-02,PROD_001,Premium Rice,120,57,169
2024-03-03,PROD_001,Premium Rice,120,59,160
2024-03-04,PROD_001,Premium Rice,120,42,85
2024-03-05,PROD_001,Premium Rice,120,43,54
2024-03-06,PROD_001,Premium Rice,120,40,147
2024-03-07,PROD_001,Premium Rice,120,45,118
2024-03-08,PROD_001,Premium Rice,120,56,159
2024-03-09,PROD_001,Premium Rice,120,61,50
2024-03-10,PROD_001,Premium Rice,120,61,146
2024-03-11,PROD_001,Premium Rice,120,46,78
2024-03-12,PROD_001,Premium Rice,120,43,71
2024-03-13,PROD_001,Premium Rice,120,42,193
2024-03-14,PROD_001,Premium Rice,120,45,179
2024-03-15,PROD_001,Premium Rice,120,59,179
2024-03-16,PROD_001,Premium Rice,120,60,63
2024-03-17,PROD_001,Premium Rice,120,58,153
2024-03-18,PROD_001,Premium Rice,120,40,128
2024-03-19,PROD_001,Premium Rice,120,41,81
2024-03-20,PROD_001,Premium Rice,120,44,194
2024-03-21,PROD_001,Premium Rice,120,44,152
2024-03-22,PROD_001,Premium Rice,120,60,145
2024-03-23,PROD_001,Premium Rice,120,56,87
2024-03-24,PROD_001,Premium Rice,120,61,95
2024-03-25,PROD_001,Premium Rice,120,45,130
2024-03-26,PROD_001,Premium Rice,120,41,149
2024-03-27,PROD_001,Premium Rice,120,40,185
2024-03-28,PROD_001,Premium Rice,120,38,57
2024-03-29,PROD_001,Premium Rice,120,61,123
2024-03-30,PROD_001,Premium Rice,120,58,175
2024-03-31,PROD_001,Premium Rice,120,59,199
2024-04-01,PROD_001,Premium Rice,120,39,165
2024-04-02,PROD_001,Premium Rice,120,40,58
2024-04-03,PROD_001,Premium Rice,120,42,54
2024-04-04,PROD_001,Premium Rice,120,39,52
2024-04-05,PROD_001,Premium Rice,120,60,169
2024-04-06,PROD_001,Premium Rice,120,55,103
2024-04-07,PROD_001,Premium Rice,120,62,100
2024-04-08,PROD_001,Premium Rice,120,44,182
2024-04-09,PROD_001,Premium Rice,120,44,125
2024-04-10,PROD_001,Premium Rice,120,40,95
2024-04-11,PROD_001,Premium Rice,120,41,80
2024-04-12,PROD_001,Premium Rice,120,59,85
2024-04-13,PROD_001,Premium Rice,120,60,143
2024-04-14,PROD_001,Premium Rice,120,61,105
2024-04-15,PROD_001,Premium Rice,120,43,103
2024-04-16,PROD_001,Premium Rice,120,47,81
2024-04-17,PROD_001,Premium Rice,120,42,102
2024-04-18,PROD_001,Premium Rice,120,40,85
2024-04-19,PROD_001,Premium Rice,120,63,94
2024-04-20,PROD_001,Premium Rice,120,57,96
2024-04-21,PROD_001,Premium Rice,120,65,102
2024-04-22,PROD_001,Premium Rice,120,47,116
2024-04-23,PROD_001,Premium Rice,120,40,142
2024-04-24,PROD_001,Premium Rice,120,42,58
2024-04-25,PROD_001,Premium Rice,120,43,130
2024-04-26,PROD_001,Premium Rice,120,57,63
2024-04-27,PROD_001,Premium Rice,120,61,151
2024-04-28,PROD_001,Premium Rice,120,55,123
2024-04-29,PROD_001,Premium Rice,120,49,60
2024-04-30,PROD_001,Premium Rice,120,48,182
2024-05-01,PROD_001,Premium Rice,120,46,89
2024-05-02,PROD_001,Premium Rice,120,46,182
2024-05-03,PROD_001,Premium Rice,120,59,192
2024-05-04,PROD_001,Premium Rice,120,64,151
2024-05-05,PROD_001,Premium Rice,120,60,171
2024-05-06,PROD_001,Premium Rice,120,43,143
2024-05-07,PROD_001,Premium Rice,120,45,134
2024-05-08,PROD_001,Premium Rice,120,41,183
2024-05-09,PROD_001,Premium Rice,120,43,172
2024-05-10,PROD_001,Premium Rice,120,61,132
2024-05-11,PROD_001,Premium Rice,120,60,189
2024-05-12,PROD_001,Premium Rice,120,61,135
2024-05-13,PROD_001,Premium Rice,120,43,187
2024-05-14,PROD_001,Premium Rice,120,41,120
2024-05-15,PROD_001,Premium Rice,120,47,110
2024-05-16,PROD_001,Premium Rice,120,45,195
2024-05-17,PROD_001,Premium Rice,120,61,74
2024-05-18,PROD_001,Premium Rice,120,57,176
2024-05-19,PROD_001,Premium Rice,120,61,56
2024-05-20,PROD_001,Premium Rice,120,50,75
2024-05-21,PROD_001,Premium Rice,120,42,114
2024-05-22,PROD_001,Premium Rice,120,42,111
2024-05-23,PROD_001,Premium Rice,120,36,154
2024-05-24,PROD_001,Premium Rice,120,56,115
2024-05-25,PROD_001,Premium Rice,120,53,63
2024-05-26,PROD_001,Premium Rice,120,61,71
2024-05-27,PROD_001,Premium Rice,120,44,60
2024-05-28,PROD_001,Premium Rice,120,48,91
2024-05-29,PROD_001,Premium Rice,120,43,147
2024-05-30,PROD_001,Premium Rice,120,44,94
2024-05-31,PROD_001,Premium Rice,120,62,190
2024-06-01,PROD_001,Premium Rice,120,62,170
2024-06-02,PROD_001,Premium Rice,120,63,133
2024-06-03,PROD_001,Premium Rice,120,50,185
2024-06-04,PROD_001,Premium Rice,120,44,110
2024-06-05,PROD_001,Premium Rice,120,51,195
2024-06-06,PROD_001,Premium Rice,120,45,61
2024-06-07,PROD_001,Premium Rice,120,60,112
2024-06-08,PROD_001,Premium Rice,120,62,91
2024-06-09,PROD_001,Premium Rice,120,65,111
2024-06-10,PROD_001,Premium Rice,120,44,151
2024-06-11,PROD_001,Premium Rice,120,42,169
2024-06-12,PROD_001,Premium Rice,120,47,95
2024-06-13,PROD_001,Premium Rice,120,42,130
2024-06-14,PROD_001,Premium Rice,120,64,195
2024-06-15,PROD_001,Premium Rice,120,58,70
2024-06-16,PROD_001,Premium Rice,120,56,128
2024-06-17,PROD_001,Premium Rice,120,46,174
2024-06-18,PROD_001,Premium Rice,120,46,164
2024-06-19,PROD_001,Premium Rice,120,41,69
2024-06-20,PROD_001,Premium Rice,120,49,199
2024-06-21,PROD_001,Premium Rice,120,60,122
2024-06-22,PROD_001,Premium Rice,120,64,173
2024-06-23,PROD_001,Premium Rice,120,67,142
2024-06-24,PROD_001,Premium Rice,120,53,104
2024-06-25,PROD_001,Premium Rice,120,47,133
2024-06-26,PROD_001,Premium Rice,120,48,152
2024-06-27,PROD_001,Premium Rice,120,45,139
2024-06-28,PROD_001,Premium Rice,120,67,130
2024-06-29,PROD_001,Premium Rice,120,59,92
2024-06-30,PROD_001,Premium Rice,120,60,96
2024-07-01,PROD_001,Premium Rice,120,46,141
2024-07-02,PROD_001,Premium Rice,120,43,94
2024-07-03,PROD_001,Premium Rice,120,46,92
2024-07-04,PROD_001,Premium Rice,120,40,147
2024-07-05,PROD_001,Premium Rice,120,61,70
2024-07-06,PROD_001,Premium Rice,120,66,93
2024-07-07,PROD_001,Premium Rice,120,61,61
2024-07-08,PROD_001,Premium Rice,120,43,118
2024-07-09,PROD_001,Premium Rice,120,40,109
2024-07-10,PROD_001,Premium Rice,120,39,197
2024-07-11,PROD_001,Premium Rice,120,44,114
2024-07-12,PROD_001,Premium Rice,120,60,195
2024-07-13,PROD_001,Premium Rice,120,59,151
2024-07-14,PROD_001,Premium Rice,120,61,117
2024-07-15,PROD_001,Premium Rice,120,45,166
2024-07-16,PROD_001,Premium Rice,120,49,133
2024-07-17,PROD_001,Premium Rice,120,40,71
2024-07-18,PROD_001,Premium Rice,120,46,82
2024-07-19,PROD_001,Premium Rice,120,60,180
2024-07-20,PROD_001,Premium Rice,120,62,79
2024-07-21,PROD_001,Premium Rice,120,65,64
2024-07-22,PROD_001,Premium Rice,120,39,160
2024-07-23,PROD_001,Premium Rice,120,46,122
2024-07-24,PROD_001,Premium Rice,120,45,125
2024-07-25,PROD_001,Premium Rice,120,44,178
2024-07-26,PROD_001,Premium Rice,120,66,99
2024-07-27,PROD_001,Premium Rice,120,61,137
2024-07-28,PROD_001,Premium Rice,120,65,199
2024-07-29,PROD_001,Premium Rice,120,43,155
2024-07-30,PROD_001,Premium Rice,120,47,178
2024-07-31,PROD_001,Premium Rice,120,44,190
2024-08-01,PROD_001,Premium Rice,120,41,61
2024-08-02,PROD_001,Premium Rice,120,57,134
2024-08-03,PROD_001,Premium Rice,120,64,121
2024-08-04,PROD_001,Premium Rice,120,64,188
2024-08-05,PROD_001,Premium Rice,120,41,66
2024-08-06,PROD_001,Premium Rice,120,39,72
2024-08-07,PROD_001,Premium Rice,120,42,85
2024-08-08,PROD_001,Premium Rice,120,43,137
2024-08-09,PROD_001,Premium Rice,120,61,137
2024-08-10,PROD_001,Premium Rice,120,66,69
2024-08-11,PROD_001,Premium Rice,120,64,103
2024-08-12,PROD_001,Premium Rice,120,46,103
2024-08-13,PROD_001,Premium Rice,120,43,147
2024-08-14,PROD_001,Premium Rice,120,42,104
2024-08-15,PROD_001,Premium Rice,120,46,173
2024-08-16,PROD_001,Premium Rice,120,63,171
2024-08-17,PROD_001,Premium Rice,120,67,188
2024-08-18,PROD_001,Premium Rice,120,64,79
2024-08-19,PROD_001,Premium Rice,120,43,178
2024-08-20,PROD_001,Premium Rice,120,44,120
2024-08-21,PROD_001,Premium Rice,120,46,115
2024-08-22,PROD_001,Premium Rice,120,42,198
2024-08-23,PROD_001,Premium Rice,120,65,126
2024-08-24,PROD_001,Premium Rice,120,63,98
2024-08-25,PROD_001,Premium Rice,120,67,174
2024-08-26,PROD_001,Premium Rice,120,45,56
2024-08-27,PROD_001,Premium Rice,120,50,172
2024-08-28,PROD_001,Premium Rice,120,46,69
2024-08-29,PROD_001,Premium Rice,120,47,158
2024-08-30,PROD_001,Premium Rice,120,62,178
2024-08-31,PROD_001,Premium Rice,120,69,172
2024-09-01,PROD_001,Premium Rice,120,68,95
2024-09-02,PROD_001,Premium Rice,120,43,198
2024-09-03,PROD_001,Premium Rice,120,45,68
2024-09-04,PROD_001,Premium Rice,120,45,182
2024-09-05,PROD_001,Premium Rice,120,51,116
2024-09-06,PROD_001,Premium Rice,120,64,100
2024-09-07,PROD_001,Premium Rice,120,68,71
2024-09-08,PROD_001,Premium Rice,120,64,79
2024-09-09,PROD_001,Premium Rice,120,47,172
2024-09-10,PROD_001,Premium Rice,120,41,54
2024-09-11,PROD_001,Premium Rice,120,44,143
2024-09-12,PROD_001,Premium Rice,120,51,165
2024-09-13,PROD_001,Premium Rice,120,66,102
2024-09-14,PROD_001,Premium Rice,120,65,97
2024-09-15,PROD_001,Premium Rice,120,70,104
2024-09-16,PROD_001,Premium Rice,120,46,148
2024-09-17,PROD_001,Premium Rice,120,48,171
2024-09-18,PROD_001,Premium Rice,120,45,60
2024-09-19,PROD_001,Premium Rice,120,51,169
2024-09-20,PROD_001,Premium Rice,120,65,72
2024-09-21,PROD_001,Premium Rice,120,68,150
2024-09-22,PROD_001,Premium Rice,120,67,135
2024-09-23,PROD_001,Premium Rice,120,45,181
2024-09-24,PROD_001,Premium Rice,120,42,159
2024-09-25,PROD_001,Premium Rice,120,47,124
2024-09-26,PROD_001,Premium Rice,120,48,179
2024-09-27,PROD_001,Premium Rice,120,66,98
2024-09-28,PROD_001,Premium Rice,120,63,92
2024-09-29,PROD_001,Premium Rice,120,63,122
2024-09-30,PROD_001,Premium Rice,120,46,147
2024-10-01,PROD_001,Premium Rice,120,48,146
2024-10-02,PROD_001,Premium Rice,120,44,56
2024-10-03,PROD_001,Premium Rice,120,51,119
2024-10-04,PROD_001,Premium Rice,120,64,154
2024-10-05,PROD_001,Premium Rice,120,62,107
2024-10-06,PROD_001,Premium Rice,120,72,129
2024-10-07,PROD_001,Premium Rice,120,45,96
2024-10-08,PROD_001,Premium Rice,120,48,102
2024-10-09,PROD_001,Premium Rice,120,42,74
2024-10-10,PROD_001,Premium Rice,120,45,177
2024-10-11,PROD_001,Premium Rice,120,66,101
2024-10-12,PROD_001,Premium Rice,120,67,189
2024-10-13,PROD_001,Premium Rice,120,68,104
2024-10-14,PROD_001,Premium Rice,120,44,77
2024-10-15,PROD_001,Premium Rice,120,44,56
2024-10-16,PROD_001,Premium Rice,120,49,115
2024-10-17,PROD_001,Premium Rice,120,46,188
2024-10-18,PROD_001,Premium Rice,120,69,101
2024-10-19,PROD_001,Premium Rice,120,68,111
2024-10-20,PROD_001,Premium Rice,120,68,56
2024-10-21,PROD_001,Premium Rice,120,46,51
2024-10-22,PROD_001,Premium Rice,120,46,183
2024-10-23,PROD_001,Premium Rice,120,52,78
2024-10-24,PROD_001,Premium Rice,120,46,59
2024-10-25,PROD_001,Premium Rice,120,64,142
2024-10-26,PROD_001,Premium Rice,120,65,161
2024-10-27,PROD_001,Premium Rice,120,68,144
2024-10-28,PROD_001,Premium Rice,120,44,194
2024-10-29,PROD_001,Premium Rice,120,48,139
2024-10-30,PROD_001,Premium Rice,120,45,146
2024-10-31,PROD_001,Premium Rice,120,46,162
2024-11-01,PROD_001,Premium Rice,120,67,66
2024-11-02,PROD_001,Premium Rice,120,59,196
2024-11-03,PROD_001,Premium Rice,120,70,178
2024-11-04,PROD_001,Premium Rice,120,53,118
2024-11-05,PROD_001,Premium Rice,120,48,181
2024-11-06,PROD_001,Premium Rice,120,44,53
2024-11-07,PROD_001,Premium Rice,120,46,64
2024-11-08,PROD_001,Premium Rice,120,68,71
2024-11-09,PROD_001,Premium Rice,120,66,119
2024-11-10,PROD_001,Premium Rice,120,67,144
2024-11-11,PROD_001,Premium Rice,120,47,112
2024-11-12,PROD_001,Premium Rice,120,53,56
2024-11-13,PROD_001,Premium Rice,120,41,145
2024-11-14,PROD_001,Premium Rice,120,44,194
2024-11-15,PROD_001,Premium Rice,120,63,65
2024-11-16,PROD_001,Premium Rice,120,67,176
2024-11-17,PROD_001,Premium Rice,120,68,175
2024-11-18,PROD_001,Premium Rice,120,46,112
2024-11-19,PROD_001,Premium Rice,120,56,61
2024-11-20,PROD_001,Premium Rice,120,50,172
2024-11-21,PROD_001,Premium Rice,120,44,190
2024-11-22,PROD_001,Premium Rice,120,72,159
2024-11-23,PROD_001,Premium Rice,120,68,109
2024-11-24,PROD_001,Premium Rice,120,71,187
2024-11-25,PROD_001,Premium Rice,120,50,178
2024-11-26,PROD_001,Premium Rice,120,44,198
2024-11-27,PROD_001,Premium Rice,120,47,88
2024-11-28,PROD_001,Premium Rice,120,46,193
2024-11-29,PROD_001,Premium Rice,120,65,78
2024-11-30,PROD_001,Premium Rice,120,68,65
2024-12-01,PROD_001,Premium Rice,120,70,166
2024-12-02,PROD_001,Premium Rice,120,48,179
2024-12-03,PROD_001,Premium Rice,120,48,68
2024-12-04,PROD_001,Premium Rice,120,45,83
2024-12-05,PROD_001,Premium Rice,120,48,111
2024-12-06,PROD_001,Premium Rice,120,62,174
2024-12-07,PROD_001,Premium Rice,120,71,150
2024-12-08,PROD_001,Premium Rice,120,68,110
2024-12-09,PROD_001,Premium Rice,120,46,124
2024-12-10,PROD_001,Premium Rice,120,52,139
2024-12-11,PROD_001,Premium Rice,120,48,198
2024-12-12,PROD_001,Premium Rice,120,49,113
2024-12-13,PROD_001,Premium Rice,120,69,81
2024-12-14,PROD_001,Premium Rice,120,72,134
2024-12-15,PROD_001,Premium Rice,120,65,74
2024-12-16,PROD_001,Premium Rice,120,47,132
2024-12-17,PROD_001,Premium Rice,120,52,171
2024-12-18,PROD_001,Premium Rice,120,51,199
2024-12-19,PROD_001,Premium Rice,120,50,178
2024-12-20,PROD_001,Premium Rice,120,67,154
2024-12-21,PROD_001,Premium Rice,120,67,138
2024-12-22,PROD_001,Premium Rice,120,69,136
2024-12-23,PROD_001,Premium Rice,120,51,171
2024-12-24,PROD_001,Premium Rice,120,45,143
2024-12-25,PROD_001,Premium Rice,120,50,153
2024-12-26,PROD_001,Premium Rice,120,48,190
2024-12-27,PROD_001,Premium Rice,120,71,157
2024-12-28,PROD_001,Premium Rice,120,71,142
2024-12-29,PROD_001,Premium Rice,120,73,52
2024-12-30,PROD_001,Premium Rice,120,47,173
2024-12-31,PROD_001,Premium Rice,120,46,104
2025-01-01,PROD_001,Premium Rice,120,49,187
2025-01-02,PROD_001,Premium Rice,120,51,130
2025-01-03,PROD_001,Premium Rice,120,69,115
2025-01-04,PROD_001,Premium Rice,120,65,82
2025-01-05,PROD_001,Premium Rice,120,74,161
2025-01-06,PROD_001,Premium Rice,120,45,194
2025-01-07,PROD_001,Premium Rice,120,50,127
2025-01-08,PROD_001,Premium Rice,120,49,95
2025-01-09,PROD_001,Premium Rice,120,52,152
2025-01-10,PROD_001,Premium Rice,120,70,87
2025-01-11,PROD_001,Premium Rice,120,69,83
2025-01-12,PROD_001,Premium Rice,120,68,163
2025-01-13,PROD_001,Premium Rice,120,53,120
2025-01-14,PROD_001,Premium Rice,120,49,129
2025-01-15,PROD_001,Premium Rice,120,49,103
2025-01-16,PROD_001,Premium Rice,120,49,91
2025-01-17,PROD_001,Premium Rice,120,72,186
2025-01-18,PROD_001,Premium Rice,120,71,142
2025-01-19,PROD_001,Premium Rice,120,70,104
2025-01-20,PROD_001,Premium Rice,120,48,117
2025-01-21,PROD_001,Premium Rice,120,56,122
2025-01-22,PROD_001,Premium Rice,120,49,69
2025-01-23,PROD_001,Premium Rice,120,50,158
2025-01-24,PROD_001,Premium Rice,120,69,82
2025-01-25,PROD_001,Premium Rice,120,69,155
2025-01-26,PROD_001,Premium Rice,120,70,82
2025-01-27,PROD_001,Premium Rice,120,50,149
2025-01-28,PROD_001,Premium Rice,120,52,92
2025-01-29,PROD_001,Premium Rice,120,48,101
2025-01-30,PROD_001,Premium Rice,120,45,70
2025-01-31,PROD_001,Premium Rice,120,71,186
2025-02-01,PROD_001,Premium Rice,120,68,192
2025-02-02,PROD_001,Premium Rice,120,67,62
2025-02-03,PROD_001,Premium Rice,120,49,183
2025-02-04,PROD_001,Premium Rice,120,53,119
2025-02-05,PROD_001,Premium Rice,120,54,159
2025-02-06,PROD_001,Premium Rice,120,52,69
2025-02-07,PROD_001,Premium Rice,120,67,103
2025-02-08,PROD_001,Premium Rice,120,75,65
2025-02-09,PROD_001,Premium Rice,120,70,159
2025-02-10,PROD_001,Premium Rice,120,52,134
2025-02-11,PROD_001,Premium Rice,120,50,158
2025-02-12,PROD_001,Premium Rice,120,47,195
2025-02-13,PROD_001,Premium Rice,120,48,159
2025-02-14,PROD_001,Premium Rice,120,66,196
2025-02-15,PROD_001,Premium Rice,120,71,91
2025-02-16,PROD_001,Premium Rice,120,70,125
2025-02-17,PROD_001,Premium Rice,120,52,127
2025-02-18,PROD_001,Premium Rice,120,48,72
2025-02-19,PROD_001,Premium Rice,120,54,102
2025-02-20,PROD_001,Premium Rice,120,51,57
2025-02-21,PROD_001,Premium Rice,120,68,175
2025-02-22,PROD_001,Premium Rice,120,72,152
2025-02-23,PROD_001,Premium Rice,120,71,101
2025-02-24,PROD_001,Premium Rice,120,49,195
2025-02-25,PROD_001,Premium Rice,120,51,176
2025-02-26,PROD_001,Premium Rice,120,49,145
2025-02-27,PROD_001,Premium Rice,120,47,156
2025-02-28,PROD_001,Premium Rice,120,73,120
2025-03-01,PROD_001,Premium Rice,120,72,134
2025-03-02,PROD_001,Premium Rice,120,69,119
2025-03-03,PROD_001,Premium Rice,120,50,183
2025-03-04,PROD_001,Premium Rice,120,52,94
2025-03-05,PROD_001,Premium Rice,120,48,182
2025-03-06,PROD_001,Premium Rice,120,49,98
2025-03-07,PROD_001,Premium Rice,120,71,186
2025-03-08,PROD_001,Premium Rice,120,71,78
2025-03-09,PROD_001,Premium Rice,120,72,134
2025-03-10,PROD_001,Premium Rice,120,54,175
2025-03-11,PROD_001,Premium Rice,120,47,53
2025-03-12,PROD_001,Premium Rice,120,43,74
2025-03-13,PROD_001,Premium Rice,120,53,85
2025-03-14,PROD_001,Premium Rice,120,73,72
2025-03-15,PROD_001,Premium Rice,120,67,166
2025-03-16,PROD_001,Premium Rice,120,74,117
2025-03-17,PROD_001,Premium Rice,120,48,159
2025-03-18,PROD_001,Premium Rice,120,54,101
2025-03-19,PROD_001,Premium Rice,120,49,70
2025-03-20,PROD_001,Premium Rice,120,52,130
2025-03-21,PROD_001,Premium Rice,120,77,52
2025-03-22,PROD_001,Premium Rice,120,77,131
2025-03-23,PROD_001,Premium Rice,120,67,116
2025-03-24,PROD_001,Premium Rice,120,51,169
2025-03-25,PROD_001,Premium Rice,120,45,52
2025-03-26,PROD_001,Premium Rice,120,50,171
2025-03-27,PROD_001,Premium Rice,120,51,195
2025-03-28,PROD_001,Premium Rice,120,74,108
2025-03-29,PROD_001,Premium Rice,120,74,192
2025-03-30,PROD_001,Premium Rice,120,74,184
2025-03-31,PROD_001,Premium Rice,120,53,76
2025-04-01,PROD_001,Premium Rice,120,51,127
2025-04-02,PROD_001,Premium Rice,120,56,66
2025-04-03,PROD_001,Premium Rice,120,49,103
2025-04-04,PROD_001,Premium Rice,120,74,186
2025-04-05,PROD_001,Premium Rice,120,71,141
2025-04-06,PROD_001,Premium Rice,120,79,87
2025-04-07,PROD_001,Premium Rice,120,51,165
2025-04-08,PROD_001,Premium Rice,120,53,186
2025-04-09,PROD_001,Premium Rice,120,56,181
2025-04-10,PROD_001,Premium Rice,120,51,150
2025-04-11,PROD_001,Premium Rice,120,74,95
2025-04-12,PROD_001,Premium Rice,120,74,183
2025-04-13,PROD_001,Premium Rice,120,75,74
2025-04-14,PROD_001,Premium Rice,120,55,79
2025-04-15,PROD_001,Premium Rice,120,50,139
2025-04-16,PROD_001,Premium Rice,120,49,104
2025-04-17,PROD_001,Premium Rice,120,49,85
2025-04-18,PROD_001,Premium Rice,120,72,180
2025-04-19,PROD_001,Premium Rice,120,77,104
2025-04-20,PROD_001,Premium Rice,120,74,138
2025-04-21,PROD_001,Premium Rice,120,49,58
2025-04-22,PROD_001,Premium Rice,120,48,127
2025-04-23,PROD_001,Premium Rice,120,51,82
2025-04-24,PROD_001,Premium Rice,120,56,56
2025-04-25,PROD_001,Premium Rice,120,73,129
2025-04-26,PROD_001,Premium Rice,120,71,84
2025-04-27,PROD_001,Premium Rice,120,74,66
2025-04-28,PROD_001,Premium Rice,120,53,90
2025-04-29,PROD_001,Premium Rice,120,48,81
2025-04-30,PROD_001,Premium Rice,120,52,145
2025-05-01,PROD_001,Premium Rice,120,56,179
2025-05-02,PROD_001,Premium Rice,120,68,138
2025-05-03,PROD_001,Premium Rice,120,69,69
2025-05-04,PROD_001,Premium Rice,120,70,123
2025-05-05,PROD_001,Premium Rice,120,53,69
2025-05-06,PROD_001,Premium Rice,120,54,111
2025-05-07,PROD_001,Premium Rice,120,50,80
2025-05-08,PROD_001,Premium Rice,120,52,116
2025-05-09,PROD_001,Premium Rice,120,79,127
2025-05-10,PROD_001,Premium Rice,120,75,113
2025-05-11,PROD_001,Premium Rice,120,72,75
2025-05-12,PROD_001,Premium Rice,120,52,62
2025-05-13,PROD_001,Premium Rice,120,52,56
2025-05-14,PROD_001,Premium Rice,120,51,191
2025-05-15,PROD_001,Premium Rice,120,51,110
2025-05-16,PROD_001,Premium Rice,120,66,107
2025-05-17,PROD_001,Premium Rice,120,76,115
2025-05-18,PROD_001,Premium Rice,120,77,172
2025-05-19,PROD_001,Premium Rice,120,54,194
2025-05-20,PROD_001,Premium Rice,120,52,174
2025-05-21,PROD_001,Premium Rice,120,53,168
2025-05-22,PROD_001,Premium Rice,120,49,161
2025-05-23,PROD_001,Premium Rice,120,77,123
2025-05-24,PROD_001,Premium Rice,120,76,102
2025-05-25,PROD_001,Premium Rice,120,75,169
2025-05-26,PROD_001,Premium Rice,120,54,93
2025-05-27,PROD_001,Premium Rice,120,56,136
2025-05-28,PROD_001,Premium Rice,120,55,128
2025-05-29,PROD_001,Premium Rice,120,53,155
2025-05-30,PROD_001,Premium Rice,120,77,91
2025-05-31,PROD_001,Premium Rice,120,76,137
2025-06-01,PROD_001,Premium Rice,120,72,112
2025-06-02,PROD_001,Premium Rice,120,57,97
2025-06-03,PROD_001,Premium Rice,120,56,94
2025-06-04,PROD_001,Premium Rice,120,57,167
2025-06-05,PROD_001,Premium Rice,120,49,158
2025-06-06,PROD_001,Premium Rice,120,73,163
2025-06-07,PROD_001,Premium Rice,120,74,89
2025-06-08,PROD_001,Premium Rice,120,79,197
2025-06-09,PROD_001,Premium Rice,120,58,81
2025-06-10,PROD_001,Premium Rice,120,51,80
2025-06-11,PROD_001,Premium Rice,120,52,173
2025-06-12,PROD_001,Premium Rice,120,54,180
2025-06-13,PROD_001,Premium Rice,120,76,59
2025-06-14,PROD_001,Premium Rice,120,75,138
2025-06-15,PROD_001,Premium Rice,120,78,115
2025-06-16,PROD_001,Premium Rice,120,54,190
2025-06-17,PROD_001,Premium Rice,120,59,98
2025-06-18,PROD_001,Premium Rice,120,59,130
2025-06-19,PROD_001,Premium Rice,120,48,54
2025-06-20,PROD_001,Premium Rice,120,73,160
2025-06-21,PROD_001,Premium Rice,120,77,149
2025-06-22,PROD_001,Premium Rice,120,73,146
2025-06-23,PROD_001,Premium Rice,120,52,104
2025-06-24,PROD_001,Premium Rice,120,54,62
2025-06-25,PROD_001,Premium Rice,120,59,59
2025-06-26,PROD_001,Premium Rice,120,52,158
2025-06-27,PROD_001,Premium Rice,120,77,122
2025-06-28,PROD_001,Premium Rice,120,74,188
2025-06-29,PROD_001,Premium Rice,120,74,123
2025-06-30,PROD_001,Premium Rice,120,59,189
2025-07-01,PROD_001,Premium Rice,120,52,79
2025-07-02,PROD_001,Premium Rice,120,56,91
2025-07-03,PROD_001,Premium Rice,120,54,128
2025-07-04,PROD_001,Premium Rice,120,75,133
2025-07-05,PROD_001,Premium Rice,120,74,181
2025-07-06,PROD_001,Premium Rice,120,74,183
2025-07-07,PROD_001,Premium Rice,120,55,71
2025-07-08,PROD_001,Premium Rice,120,52,199
2025-07-09,PROD_001,Premium Rice,120,58,169
2025-07-10,PROD_001,Premium Rice,120,56,79
2025-07-11,PROD_001,Premium Rice,120,76,109
2025-07-12,PROD_001,Premium Rice,120,73,174
2025-07-13,PROD_001,Premium Rice,120,73,68
2025-07-14,PROD_001,Premium Rice,120,59,122
2025-07-15,PROD_001,Premium Rice,120,52,108
2025-07-16,PROD_001,Premium Rice,120,49,195
2025-07-17,PROD_001,Premium Rice,120,58,165
2025-07-18,PROD_001,Premium Rice,120,76,109
2025-07-19,PROD_001,Premium Rice,120,74,100
2025-07-20,PROD_001,Premium Rice,120,79,68
2025-07-21,PROD_001,Premium Rice,120,59,114
2025-07-22,PROD_001,Premium Rice,120,58,127
2025-07-23,PROD_001,Premium Rice,120,56,150
2025-07-24,PROD_001,Premium Rice,120,57,194
2025-07-25,PROD_001,Premium Rice,120,82,119
2025-07-26,PROD_001,Premium Rice,120,74,147
2025-07-27,PROD_001,Premium Rice,120,80,123
2025-07-28,PROD_001,Premium Rice,120,59,164
2025-07-29,PROD_001,Premium Rice,120,59,197
2025-07-30,PROD_001,Premium Rice,120,60,184
2025-07-31,PROD_001,Premium Rice,120,58,120
2025-08-01,PROD_001,Premium Rice,120,73,187
2025-08-02,PROD_001,Premium Rice,120,78,79
2025-08-03,PROD_001,Premium Rice,120,79,176
2025-08-04,PROD_001,Premium Rice,120,53,94
2025-08-05,PROD_001,Premium Rice,120,55,184
2025-08-06,PROD_001,Premium Rice,120,52,173
2025-08-07,PROD_001,Premium Rice,120,54,147
2025-08-08,PROD_001,Premium Rice,120,74,126
2025-08-09,PROD_001,Premium Rice,120,75,191
2025-08-10,PROD_001,Premium Rice,120,87,187
2025-08-11,PROD_001,Premium Rice,120,54,192
2025-08-12,PROD_001,Premium Rice,120,54,117
2025-08-13,PROD_001,Premium Rice,120,60,69
2025-08-14,PROD_001,Premium Rice,120,61,68
2025-08-15,PROD_001,Premium Rice,120,75,136
2025-08-16,PROD_001,Premium Rice,120,82,143
2025-08-17,PROD_001,Premium Rice,120,79,100
2025-08-18,PROD_001,Premium Rice,120,54,167
2025-08-19,PROD_001,Premium Rice,120,54,83
2025-08-20,PROD_001,Premium Rice,120,57,185
2025-08-21,PROD_001,Premium Rice,120,56,196
2025-08-22,PROD_001,Premium Rice,120,80,116
2024-01-01,PROD_002,Cooking Oil,180,24,94
2024-01-02,PROD_002,Cooking Oil,180,25,58
2024-01-03,PROD_002,Cooking Oil,180,16,173
2024-01-04,PROD_002,Cooking Oil,180,21,82
2024-01-05,PROD_002,Cooking Oil,180,37,166
2024-01-06,PROD_002,Cooking Oil,180,35,109
2024-01-07,PROD_002,Cooking Oil,180,33,85
2024-01-08,PROD_002,Cooking Oil,180,22,109
2024-01-09,PROD_002,Cooking Oil,180,21,79
2024-01-10,PROD_002,Cooking Oil,180,25,64
2024-01-11,PROD_002,Cooking Oil,180,26,103
2024-01-12,PROD_002,Cooking Oil,180,34,180
2024-01-13,PROD_002,Cooking Oil,180,34,173
2024-01-14,PROD_002,Cooking Oil,180,37,159
2024-01-15,PROD_002,Cooking Oil,180,25,121
2024-01-16,PROD_002,Cooking Oil,180,27,157
2024-01-17,PROD_002,Cooking Oil,180,26,175
2024-01-18,PROD_002,Cooking Oil,180,25,188
2024-01-19,PROD_002,Cooking Oil,180,36,50
2024-01-20,PROD_002,Cooking Oil,180,40,57
2024-01-21,PROD_002,Cooking Oil,180,33,168
2024-01-22,PROD_002,Cooking Oil,180,25,168
2024-01-23,PROD_002,Cooking Oil,180,23,103
2024-01-24,PROD_002,Cooking Oil,180,31,88
2024-01-25,PROD_002,Cooking Oil,180,22,153
2024-01-26,PROD_002,Cooking Oil,180,38,197
2024-01-27,PROD_002,Cooking Oil,180,33,190
2024-01-28,PROD_002,Cooking Oil,180,32,56
2024-01-29,PROD_002,Cooking Oil,180,24,68
2024-01-30,PROD_002,Cooking Oil,180,25,153
2024-01-31,PROD_002,Cooking Oil,180,23,80
2024-02-01,PROD_002,Cooking Oil,180,24,65
2024-02-02,PROD_002,Cooking Oil,180,39,125
2024-02-03,PROD_002,Cooking Oil,180,33,76
2024-02-04,PROD_002,Cooking Oil,180,27,169
2024-02-05,PROD_002,Cooking Oil,180,21,168
2024-02-06,PROD_002,Cooking Oil,180,21,72
2024-02-07,PROD_002,Cooking Oil,180,26,109
2024-02-08,PROD_002,Cooking Oil,180,24,73
2024-02-09,PROD_002,Cooking Oil,180,34,67
2024-02-10,PROD_002,Cooking Oil,180,32,146
2024-02-11,PROD_002,Cooking Oil,180,40,177
2024-02-12,PROD_002,Cooking Oil,180,30,179
2024-02-13,PROD_002,Cooking Oil,180,24,183
2024-02-14,PROD_002,Cooking Oil,180,28,150
2024-02-15,PROD_002,Cooking Oil,180,29,109
2024-02-16,PROD_002,Cooking Oil,180,37,104
2024-02-17,PROD_002,Cooking Oil,180,36,103
2024-02-18,PROD_002,Cooking Oil,180,36,81
2024-02-19,PROD_002,Cooking Oil,180,29,81
2024-02-20,PROD_002,Cooking Oil,180,27,135
2024-02-21,PROD_002,Cooking Oil,180,24,158
2024-02-22,PROD_002,Cooking Oil,180,24,174
2024-02-23,PROD_002,Cooking Oil,180,35,124
2024-02-24,PROD_002,Cooking Oil,180,38,135
2024-02-25,PROD_002,Cooking Oil,180,37,67
2024-02-26,PROD_002,Cooking Oil,180,23,162
2024-02-27,PROD_002,Cooking Oil,180,28,118
2024-02-28,PROD_002,Cooking Oil,180,36,164
2024-02-29,PROD_002,Cooking Oil,180,21,77
2024-03-01,PROD_002,Cooking Oil,180,33,191
2024-03-02,PROD_002,Cooking Oil,180,39,63
2024-03-03,PROD_002,Cooking Oil,180,34,139
2024-03-04,PROD_002,Cooking Oil,180,24,57
2024-03-05,PROD_002,Cooking Oil,180,27,114
2024-03-06,PROD_002,Cooking Oil,180,21,81
2024-03-07,PROD_002,Cooking Oil,180,24,76
2024-03-08,PROD_002,Cooking Oil,180,33,125
2024-03-09,PROD_002,Cooking Oil,180,37,153
2024-03-10,PROD_002,Cooking Oil,180,36,199
2024-03-11,PROD_002,Cooking Oil,180,19,128
2024-03-12,PROD_002,Cooking Oil,180,30,161
2024-03-13,PROD_002,Cooking Oil,180,30,199
2024-03-14,PROD_002,Cooking Oil,180,25,72
2024-03-15,PROD_002,Cooking Oil,180,43,176
2024-03-16,PROD_002,Cooking Oil,180,32,141
2024-03-17,PROD_002,Cooking Oil,180,37,56
2024-03-18,PROD_002,Cooking Oil,180,25,112
2024-03-19,PROD_002,Cooking Oil,180,26,131
2024-03-20,PROD_002,Cooking Oil,180,27,61
2024-03-21,PROD_002,Cooking Oil,180,20,160
2024-03-22,PROD_002,Cooking Oil,180,38,151
2024-03-23,PROD_002,Cooking Oil,180,38,68
2024-03-24,PROD_002,Cooking Oil,180,33,166
2024-03-25,PROD_002,Cooking Oil,180,27,153
2024-03-26,PROD_002,Cooking Oil,180,21,88
2024-03-27,PROD_002,Cooking Oil,180,22,56
2024-03-28,PROD_002,Cooking Oil,180,22,115
2024-03-29,PROD_002,Cooking Oil,180,37,190
2024-03-30,PROD_002,Cooking Oil,180,37,185
2024-03-31,PROD_002,Cooking Oil,180,39,115
2024-04-01,PROD_002,Cooking Oil,180,28,74
2024-04-02,PROD_002,Cooking Oil,180,21,193
2024-04-03,PROD_002,Cooking Oil,180,24,104
2024-04-04,PROD_002,Cooking Oil,180,26,179
2024-04-05,PROD_002,Cooking Oil,180,37,155
2024-04-06,PROD_002,Cooking Oil,180,38,116
2024-04-07,PROD_002,Cooking Oil,180,37,50
2024-04-08,PROD_002,Cooking Oil,180,23,120
2024-04-09,PROD_002,Cooking Oil,180,25,148
2024-04-10,PROD_002,Cooking Oil,180,27,153
2024-04-11,PROD_002,Cooking Oil,180,34,51
2024-04-12,PROD_002,Cooking Oil,180,36,131
2024-04-13,PROD_002,Cooking Oil,180,36,123
2024-04-14,PROD_002,Cooking Oil,180,40,199
2024-04-15,PROD_002,Cooking Oil,180,26,64
2024-04-16,PROD_002,Cooking Oil,180,22,91
2024-04-17,PROD_002,Cooking Oil,180,22,167
2024-04-18,PROD_002,Cooking Oil,180,23,132
2024-04-19,PROD_002,Cooking Oil,180,35,82
2024-04-20,PROD_002,Cooking Oil,180,41,62
2024-04-21,PROD_002,Cooking Oil,180,33,63
2024-04-22,PROD_002,Cooking Oil,180,28,76
2024-04-23,PROD_002,Cooking Oil,180,26,105
2024-04-24,PROD_002,Cooking Oil,180,26,124
2024-04-25,PROD_002,Cooking Oil,180,28,190
2024-04-26,PROD_002,Cooking Oil,180,37,136
2024-04-27,PROD_002,Cooking Oil,180,42,157
2024-04-28,PROD_002,Cooking Oil,180,33,56
2024-04-29,PROD_002,Cooking Oil,180,27,172
2024-04-30,PROD_002,Cooking Oil,180,28,187
2024-05-01,PROD_002,Cooking Oil,180,30,89
2024-05-02,PROD_002,Cooking Oil,180,32,165
2024-05-03,PROD_002,Cooking Oil,180,39,166
2024-05-04,PROD_002,Cooking Oil,180,39,54
2024-05-05,PROD_002,Cooking Oil,180,38,93
2024-05-06,PROD_002,Cooking Oil,180,29,165
2024-05-07,PROD_002,Cooking Oil,180,26,136
2024-05-08,PROD_002,Cooking Oil,180,29,71
2024-05-09,PROD_002,Cooking Oil,180,27,65
2024-05-10,PROD_002,Cooking Oil,180,36,54
2024-05-11,PROD_002,Cooking Oil,180,35,92
2024-05-12,PROD_002,Cooking Oil,180,29,94
2024-05-13,PROD_002,Cooking Oil,180,29,188
2024-05-14,PROD_002,Cooking Oil,180,26,122
2024-05-15,PROD_002,Cooking Oil,180,26,158
2024-05-16,PROD_002,Cooking Oil,180,28,119
2024-05-17,PROD_002,Cooking Oil,180,34,144
2024-05-18,PROD_002,Cooking Oil,180,35,85
2024-05-19,PROD_002,Cooking Oil,180,39,179
2024-05-20,PROD_002,Cooking Oil,180,26,63
2024-05-21,PROD_002,Cooking Oil,180,32,144
2024-05-22,PROD_002,Cooking Oil,180,24,154
2024-05-23,PROD_002,Cooking Oil,180,24,146
2024-05-24,PROD_002,Cooking Oil,180,36,68
2024-05-25,PROD_002,Cooking Oil,180,38,193
2024-05-26,PROD_002,Cooking Oil,180,38,149
2024-05-27,PROD_002,Cooking Oil,180,27,136
2024-05-28,PROD_002,Cooking Oil,180,21,86
2024-05-29,PROD_002,Cooking Oil,180,30,182
2024-05-30,PROD_002,Cooking Oil,180,30,173
2024-05-31,PROD_002,Cooking Oil,180,37,184
2024-06-01,PROD_002,Cooking Oil,180,41,72
2024-06-02,PROD_002,Cooking Oil,180,39,174
2024-06-03,PROD_002,Cooking Oil,180,30,177
2024-06-04,PROD_002,Cooking Oil,180,25,96
2024-06-05,PROD_002,Cooking Oil,180,24,95
2024-06-06,PROD_002,Cooking Oil,180,23,51
2024-06-07,PROD_002,Cooking Oil,180,40,137
2024-06-08,PROD_002,Cooking Oil,180,37,89
2024-06-09,PROD_002,Cooking Oil,180,39,165
2024-06-10,PROD_002,Cooking Oil,180,27,58
2024-06-11,PROD_002,Cooking Oil,180,28,114
2024-06-12,PROD_002,Cooking Oil,180,31,115
2024-06-13,PROD_002,Cooking Oil,180,30,135
2024-06-14,PROD_002,Cooking Oil,180,39,181
2024-06-15,PROD_002,Cooking Oil,180,39,69
2024-06-16,PROD_002,Cooking Oil,180,36,121
2024-06-17,PROD_002,Cooking Oil,180,30,183
2024-06-18,PROD_002,Cooking Oil,180,25,170
2024-06-19,PROD_002,Cooking Oil,180,27,186
2024-06-20,PROD_002,Cooking Oil,180,30,53
2024-06-21,PROD_002,Cooking Oil,180,42,131
2024-06-22,PROD_002,Cooking Oil,180,41,102
2024-06-23,PROD_002,Cooking Oil,180,34,110
2024-06-24,PROD_002,Cooking Oil,180,29,79
2024-06-25,PROD_002,Cooking Oil,180,24,112
2024-06-26,PROD_002,Cooking Oil,180,25,61
2024-06-27,PROD_002,Cooking Oil,180,24,81
2024-06-28,PROD_002,Cooking Oil,180,32,132
2024-06-29,PROD_002,Cooking Oil,180,40,175
2024-06-30,PROD_002,Cooking Oil,180,45,57
2024-07-01,PROD_002,Cooking Oil,180,27,72
2024-07-02,PROD_002,Cooking Oil,180,25,161
2024-07-03,PROD_002,Cooking Oil,180,22,56
2024-07-04,PROD_002,Cooking Oil,180,25,89
2024-07-05,PROD_002,Cooking Oil,180,37,59
2024-07-06,PROD_002,Cooking Oil,180,36,124
2024-07-07,PROD_002,Cooking Oil,180,36,133
2024-07-08,PROD_002,Cooking Oil,180,31,195
2024-07-09,PROD_002,Cooking Oil,180,26,153
2024-07-10,PROD_002,Cooking Oil,180,29,189
2024-07-11,PROD_002,Cooking Oil,180,29,182
2024-07-12,PROD_002,Cooking Oil,180,42,66
2024-07-13,PROD_002,Cooking Oil,180,43,135
2024-07-14,PROD_002,Cooking Oil,180,45,192
2024-07-15,PROD_002,Cooking Oil,180,23,56
2024-07-16,PROD_002,Cooking Oil,180,33,172
2024-07-17,PROD_002,Cooking Oil,180,28,67
2024-07-18,PROD_002,Cooking Oil,180,28,88
2024-07-19,PROD_002,Cooking Oil,180,42,115
2024-07-20,PROD_002,Cooking Oil,180,41,188
2024-07-21,PROD_002,Cooking Oil,180,41,141
2024-07-22,PROD_002,Cooking Oil,180,30,102
2024-07-23,PROD_002,Cooking Oil,180,32,103
2024-07-24,PROD_002,Cooking Oil,180,31,190
2024-07-25,PROD_002,Cooking Oil,180,28,50
2024-07-26,PROD_002,Cooking Oil,180,39,140
2024-07-27,PROD_002,Cooking Oil,180,36,115
2024-07-28,PROD_002,Cooking Oil,180,35,77
2024-07-29,PROD_002,Cooking Oil,180,25,151
2024-07-30,PROD_002,Cooking Oil,180,31,70
2024-07-31,PROD_002,Cooking Oil,180,26,125
2024-08-01,PROD_002,Cooking Oil,180,29,114
2024-08-02,PROD_002,Cooking Oil,180,37,140
2024-08-03,PROD_002,Cooking Oil,180,40,63
2024-08-04,PROD_002,Cooking Oil,180,39,169
2024-08-05,PROD_002,Cooking Oil,180,24,143
2024-08-06,PROD_002,Cooking Oil,180,30,115
2024-08-07,PROD_002,Cooking Oil,180,32,179
2024-08-08,PROD_002,Cooking Oil,180,25,116
2024-08-09,PROD_002,Cooking Oil,180,36,52
2024-08-10,PROD_002,Cooking Oil,180,41,77
2024-08-11,PROD_002,Cooking Oil,180,42,58
2024-08-12,PROD_002,Cooking Oil,180,30,161
2024-08-13,PROD_002,Cooking Oil,180,25,152
2024-08-14,PROD_002,Cooking Oil,180,29,108
2024-08-15,PROD_002,Cooking Oil,180,29,127
2024-08-16,PROD_002,Cooking Oil,180,39,161
2024-08-17,PROD_002,Cooking Oil,180,44,172
2024-08-18,PROD_002,Cooking Oil,180,39,102
2024-08-19,PROD_002,Cooking Oil,180,27,167
2024-08-20,PROD_002,Cooking Oil,180,27,133
2024-08-21,PROD_002,Cooking Oil,180,28,55
2024-08-22,PROD_002,Cooking Oil,180,30,157
2024-08-23,PROD_002,Cooking Oil,180,39,109
2024-08-24,PROD_002,Cooking Oil,180,42,130
2024-08-25,PROD_002,Cooking Oil,180,42,80
2024-08-26,PROD_002,Cooking Oil,180,28,172
2024-08-27,PROD_002,Cooking Oil,180,26,62
2024-08-28,PROD_002,Cooking Oil,180,30,128
2024-08-29,PROD_002,Cooking Oil,180,23,51
2024-08-30,PROD_002,Cooking Oil,180,45,120
2024-08-31,PROD_002,Cooking Oil,180,41,126
2024-09-01,PROD_002,Cooking Oil,180,42,118
2024-09-02,PROD_002,Cooking Oil,180,31,52
2024-09-03,PROD_002,Cooking Oil,180,28,123
2024-09-04,PROD_002,Cooking Oil,180,23,168
2024-09-05,PROD_002,Cooking Oil,180,30,56
2024-09-06,PROD_002,Cooking Oil,180,42,122
2024-09-07,PROD_002,Cooking Oil,180,38,185
2024-09-08,PROD_002,Cooking Oil,180,44,161
2024-09-09,PROD_002,Cooking Oil,180,24,124
2024-09-10,PROD_002,Cooking Oil,180,29,52
2024-09-11,PROD_002,Cooking Oil,180,31,119
2024-09-12,PROD_002,Cooking Oil,180,30,163
2024-09-13,PROD_002,Cooking Oil,180,37,143
2024-09-14,PROD_002,Cooking Oil,180,43,66
2024-09-15,PROD_002,Cooking Oil,180,38,142
2024-09-16,PROD_002,Cooking Oil,180,30,195
2024-09-17,PROD_002,Cooking Oil,180,25,99
2024-09-18,PROD_002,Cooking Oil,180,29,93
2024-09-19,PROD_002,Cooking Oil,180,30,91
2024-09-20,PROD_002,Cooking Oil,180,39,89
2024-09-21,PROD_002,Cooking Oil,180,41,190
2024-09-22,PROD_002,Cooking Oil,180,35,171
2024-09-23,PROD_002,Cooking Oil,180,29,126
2024-09-24,PROD_002,Cooking Oil,180,28,134
2024-09-25,PROD_002,Cooking Oil,180,29,119
2024-09-26,PROD_002,Cooking Oil,180,30,135
2024-09-27,PROD_002,Cooking Oil,180,40,126
2024-09-28,PROD_002,Cooking Oil,180,41,73
2024-09-29,PROD_002,Cooking Oil,180,42,129
2024-09-30,PROD_002,Cooking Oil,180,27,150
2024-10-01,PROD_002,Cooking Oil,180,31,114
2024-10-02,PROD_002,Cooking Oil,180,28,157
2024-10-03,PROD_002,Cooking Oil,180,31,64
2024-10-04,PROD_002,Cooking Oil,180,42,80
2024-10-05,PROD_002,Cooking Oil,180,37,67
2024-10-06,PROD_002,Cooking Oil,180,34,68
2024-10-07,PROD_002,Cooking Oil,180,32,199
2024-10-08,PROD_002,Cooking Oil,180,29,145
2024-10-09,PROD_002,Cooking Oil,180,31,104
2024-10-10,PROD_002,Cooking Oil,180,26,62
2024-10-11,PROD_002,Cooking Oil,180,40,105
2024-10-12,PROD_002,Cooking Oil,180,39,148
2024-10-13,PROD_002,Cooking Oil,180,42,69
2024-10-14,PROD_002,Cooking Oil,180,30,190
2024-10-15,PROD_002,Cooking Oil,180,25,99
2024-10-16,PROD_002,Cooking Oil,180,34,193
2024-10-17,PROD_002,Cooking Oil,180,30,146
2024-10-18,PROD_002,Cooking Oil,180,42,73
2024-10-19,PROD_002,Cooking Oil,180,41,154
2024-10-20,PROD_002,Cooking Oil,180,42,108
2024-10-21,PROD_002,Cooking Oil,180,28,71
2024-10-22,PROD_002,Cooking Oil,180,26,173
2024-10-23,PROD_002,Cooking Oil,180,31,140
2024-10-24,PROD_002,Cooking Oil,180,33,148
2024-10-25,PROD_002,Cooking Oil,180,41,194
2024-10-26,PROD_002,Cooking Oil,180,36,87
2024-10-27,PROD_002,Cooking Oil,180,44,136
2024-10-28,PROD_002,Cooking Oil,180,28,159
2024-10-29,PROD_002,Cooking Oil,180,28,151
2024-10-30,PROD_002,Cooking Oil,180,33,88
2024-10-31,PROD_002,Cooking Oil,180,27,92
2024-11-01,PROD_002,Cooking Oil,180,41,109
2024-11-02,PROD_002,Cooking Oil,180,45,52
2024-11-03,PROD_002,Cooking Oil,180,40,113
2024-11-04,PROD_002,Cooking Oil,180,34,194
2024-11-05,PROD_002,Cooking Oil,180,35,166
2024-11-06,PROD_002,Cooking Oil,180,30,131
2024-11-07,PROD_002,Cooking Oil,180,27,161
2024-11-08,PROD_002,Cooking Oil,180,45,118
2024-11-09,PROD_002,Cooking Oil,180,41,100
2024-11-10,PROD_002,Cooking Oil,180,42,60
2024-11-11,PROD_002,Cooking Oil,180,33,172
2024-11-12,PROD_002,Cooking Oil,180,24,94
2024-11-13,PROD_002,Cooking Oil,180,28,52
2024-11-14,PROD_002,Cooking Oil,180,27,104
2024-11-15,PROD_002,Cooking Oil,180,41,129
2024-11-16,PROD_002,Cooking Oil,180,40,52
2024-11-17,PROD_002,Cooking Oil,180,43,190
2024-11-18,PROD_002,Cooking Oil,180,27,174
2024-11-19,PROD_002,Cooking Oil,180,31,134
2024-11-20,PROD_002,Cooking Oil,180,32,67
2024-11-21,PROD_002,Cooking Oil,180,30,100
2024-11-22,PROD_002,Cooking Oil,180,47,105
2024-11-23,PROD_002,Cooking Oil,180,39,91
2024-11-24,PROD_002,Cooking Oil,180,44,96
2024-11-25,PROD_002,Cooking Oil,180,28,107
2024-11-26,PROD_002,Cooking Oil,180,29,102
2024-11-27,PROD_002,Cooking Oil,180,27,169
2024-11-28,PROD_002,Cooking Oil,180,32,148
2024-11-29,PROD_002,Cooking Oil,180,39,134
2024-11-30,PROD_002,Cooking Oil,180,42,72
2024-12-01,PROD_002,Cooking Oil,180,47,121
2024-12-02,PROD_002,Cooking Oil,180,30,130
2024-12-03,PROD_002,Cooking Oil,180,30,79
2024-12-04,PROD_002,Cooking Oil,180,29,139
2024-12-05,PROD_002,Cooking Oil,180,29,100
2024-12-06,PROD_002,Cooking Oil,180,41,136
2024-12-07,PROD_002,Cooking Oil,180,41,57
2024-12-08,PROD_002,Cooking Oil,180,44,71
2024-12-09,PROD_002,Cooking Oil,180,30,136
2024-12-10,PROD_002,Cooking Oil,180,25,84
2024-12-11,PROD_002,Cooking Oil,180,29,101
2024-12-12,PROD_002,Cooking Oil,180,32,70
2024-12-13,PROD_002,Cooking Oil,180,37,163
2024-12-14,PROD_002,Cooking Oil,180,38,63
2024-12-15,PROD_002,Cooking Oil,180,40,133
2024-12-16,PROD_002,Cooking Oil,180,27,56
2024-12-17,PROD_002,Cooking Oil,180,27,124
2024-12-18,PROD_002,Cooking Oil,180,29,106
2024-12-19,PROD_002,Cooking Oil,180,33,192
2024-12-20,PROD_002,Cooking Oil,180,47,188
2024-12-21,PROD_002,Cooking Oil,180,45,103
2024-12-22,PROD_002,Cooking Oil,180,42,114
2024-12-23,PROD_002,Cooking Oil,180,27,93
2024-12-24,PROD_002,Cooking Oil,180,28,191
2024-12-25,PROD_002,Cooking Oil,180,27,107
2024-12-26,PROD_002,Cooking Oil,180,30,89
2024-12-27,PROD_002,Cooking Oil,180,41,104
2024-12-28,PROD_002,Cooking Oil,180,42,103
2024-12-29,PROD_002,Cooking Oil,180,44,172
2024-12-30,PROD_002,Cooking Oil,180,32,155
2024-12-31,PROD_002,Cooking Oil,180,32,58
2025-01-01,PROD_002,Cooking Oil,180,34,185
2025-01-02,PROD_002,Cooking Oil,180,32,108
2025-01-03,PROD_002,Cooking Oil,180,42,110
2025-01-04,PROD_002,Cooking Oil,180,43,54
2025-01-05,PROD_002,Cooking Oil,180,42,50
2025-01-06,PROD_002,Cooking Oil,180,23,76
2025-01-07,PROD_002,Cooking Oil,180,32,120
2025-01-08,PROD_002,Cooking Oil,180,33,158
2025-01-09,PROD_002,Cooking Oil,180,28,150
2025-01-10,PROD_002,Cooking Oil,180,43,168
2025-01-11,PROD_002,Cooking Oil,180,42,195
2025-01-12,PROD_002,Cooking Oil,180,41,174
2025-01-13,PROD_002,Cooking Oil,180,28,183
2025-01-14,PROD_002,Cooking Oil,180,33,118
2025-01-15,PROD_002,Cooking Oil,180,27,116
2025-01-16,PROD_002,Cooking Oil,180,32,104
2025-01-17,PROD_002,Cooking Oil,180,44,105
2025-01-18,PROD_002,Cooking Oil,180,39,197
2025-01-19,PROD_002,Cooking Oil,180,45,60
2025-01-20,PROD_002,Cooking Oil,180,31,119
2025-01-21,PROD_002,Cooking Oil,180,28,97
2025-01-22,PROD_002,Cooking Oil,180,26,192
2025-01-23,PROD_002,Cooking Oil,180,27,81
2025-01-24,PROD_002,Cooking Oil,180,45,154
2025-01-25,PROD_002,Cooking Oil,180,47,74
2025-01-26,PROD_002,Cooking Oil,180,40,71
2025-01-27,PROD_002,Cooking Oil,180,26,79
2025-01-28,PROD_002,Cooking Oil,180,29,69
2025-01-29,PROD_002,Cooking Oil,180,35,104
2025-01-30,PROD_002,Cooking Oil,180,35,164
2025-01-31,PROD_002,Cooking Oil,180,47,86
2025-02-01,PROD_002,Cooking Oil,180,48,133
2025-02-02,PROD_002,Cooking Oil,180,46,136
2025-02-03,PROD_002,Cooking Oil,180,31,59
2025-02-04,PROD_002,Cooking Oil,180,34,135
2025-02-05,PROD_002,Cooking Oil,180,28,89
2025-02-06,PROD_002,Cooking Oil,180,33,103
2025-02-07,PROD_002,Cooking Oil,180,45,186
2025-02-08,PROD_002,Cooking Oil,180,45,169
2025-02-09,PROD_002,Cooking Oil,180,48,172
2025-02-10,PROD_002,Cooking Oil,180,32,121
2025-02-11,PROD_002,Cooking Oil,180,34,122
2025-02-12,PROD_002,Cooking Oil,180,32,138
2025-02-13,PROD_002,Cooking Oil,180,33,171
2025-02-14,PROD_002,Cooking Oil,180,44,152
2025-02-15,PROD_002,Cooking Oil,180,44,170
2025-02-16,PROD_002,Cooking Oil,180,45,158
2025-02-17,PROD_002,Cooking Oil,180,33,77
2025-02-18,PROD_002,Cooking Oil,180,33,89
2025-02-19,PROD_002,Cooking Oil,180,27,61
2025-02-20,PROD_002,Cooking Oil,180,29,120
2025-02-21,PROD_002,Cooking Oil,180,46,77
2025-02-22,PROD_002,Cooking Oil,180,47,148
2025-02-23,PROD_002,Cooking Oil,180,45,52
2025-02-24,PROD_002,Cooking Oil,180,39,113
2025-02-25,PROD_002,Cooking Oil,180,30,75
2025-02-26,PROD_002,Cooking Oil,180,33,188
2025-02-27,PROD_002,Cooking Oil,180,35,183
2025-02-28,PROD_002,Cooking Oil,180,47,106
2025-03-01,PROD_002,Cooking Oil,180,48,63
2025-03-02,PROD_002,Cooking Oil,180,49,172
2025-03-03,PROD_002,Cooking Oil,180,33,72
2025-03-04,PROD_002,Cooking Oil,180,30,167
2025-03-05,PROD_002,Cooking Oil,180,27,104
2025-03-06,PROD_002,Cooking Oil,180,27,96
2025-03-07,PROD_002,Cooking Oil,180,46,157
2025-03-08,PROD_002,Cooking Oil,180,44,169
2025-03-09,PROD_002,Cooking Oil,180,43,144
2025-03-10,PROD_002,Cooking Oil,180,24,82
2025-03-11,PROD_002,Cooking Oil,180,34,91
2025-03-12,PROD_002,Cooking Oil,180,32,117
2025-03-13,PROD_002,Cooking Oil,180,29,128
2025-03-14,PROD_002,Cooking Oil,180,44,104
2025-03-15,PROD_002,Cooking Oil,180,47,184
2025-03-16,PROD_002,Cooking Oil,180,43,93
2025-03-17,PROD_002,Cooking Oil,180,28,84
2025-03-18,PROD_002,Cooking Oil,180,36,178
2025-03-19,PROD_002,Cooking Oil,180,32,78
2025-03-20,PROD_002,Cooking Oil,180,37,116
2025-03-21,PROD_002,Cooking Oil,180,50,163
2025-03-22,PROD_002,Cooking Oil,180,48,72
2025-03-23,PROD_002,Cooking Oil,180,49,155
2025-03-24,PROD_002,Cooking Oil,180,32,63
2025-03-25,PROD_002,Cooking Oil,180,39,139
2025-03-26,PROD_002,Cooking Oil,180,34,74
2025-03-27,PROD_002,Cooking Oil,180,29,175
2025-03-28,PROD_002,Cooking Oil,180,39,54
2025-03-29,PROD_002,Cooking Oil,180,44,57
2025-03-30,PROD_002,Cooking Oil,180,47,57
2025-03-31,PROD_002,Cooking Oil,180,35,112
2025-04-01,PROD_002,Cooking Oil,180,29,58
2025-04-02,PROD_002,Cooking Oil,180,34,87
2025-04-03,PROD_002,Cooking Oil,180,27,97
2025-04-04,PROD_002,Cooking Oil,180,45,82
2025-04-05,PROD_002,Cooking Oil,180,47,65
2025-04-06,PROD_002,Cooking Oil,180,52,111
2025-04-07,PROD_002,Cooking Oil,180,31,99
2025-04-08,PROD_002,Cooking Oil,180,32,52
2025-04-09,PROD_002,Cooking Oil,180,31,64
2025-04-10,PROD_002,Cooking Oil,180,26,185
2025-04-11,PROD_002,Cooking Oil,180,47,73
2025-04-12,PROD_002,Cooking Oil,180,49,146
2025-04-13,PROD_002,Cooking Oil,180,47,162
2025-04-14,PROD_002,Cooking Oil,180,34,129
2025-04-15,PROD_002,Cooking Oil,180,34,170
2025-04-16,PROD_002,Cooking Oil,180,33,109
2025-04-17,PROD_002,Cooking Oil,180,30,140
2025-04-18,PROD_002,Cooking Oil,180,46,152
2025-04-19,PROD_002,Cooking Oil,180,46,110
2025-04-20,PROD_002,Cooking Oil,180,45,164
2025-04-21,PROD_002,Cooking Oil,180,33,109
2025-04-22,PROD_002,Cooking Oil,180,35,138
2025-04-23,PROD_002,Cooking Oil,180,24,149
2025-04-24,PROD_002,Cooking Oil,180,29,69
2025-04-25,PROD_002,Cooking Oil,180,43,89
2025-04-26,PROD_002,Cooking Oil,180,46,81
2025-04-27,PROD_002,Cooking Oil,180,50,106
2025-04-28,PROD_002,Cooking Oil,180,32,68
2025-04-29,PROD_002,Cooking Oil,180,38,128
2025-04-30,PROD_002,Cooking Oil,180,28,115
2025-05-01,PROD_002,Cooking Oil,180,28,56
2025-05-02,PROD_002,Cooking Oil,180,48,100
2025-05-03,PROD_002,Cooking Oil,180,50,96
2025-05-04,PROD_002,Cooking Oil,180,54,194
2025-05-05,PROD_002,Cooking Oil,180,33,128
2025-05-06,PROD_002,Cooking Oil,180,33,106
2025-05-07,PROD_002,Cooking Oil,180,37,159
2025-05-08,PROD_002,Cooking Oil,180,33,76
2025-05-09,PROD_002,Cooking Oil,180,49,163
2025-05-10,PROD_002,Cooking Oil,180,45,178
2025-05-11,PROD_002,Cooking Oil,180,43,77
2025-05-12,PROD_002,Cooking Oil,180,29,76
2025-05-13,PROD_002,Cooking Oil,180,34,191
2025-05-14,PROD_002,Cooking Oil,180,27,199
2025-05-15,PROD_002,Cooking Oil,180,32,185
2025-05-16,PROD_002,Cooking Oil,180,45,171
2025-05-17,PROD_002,Cooking Oil,180,44,88
2025-05-18,PROD_002,Cooking Oil,180,50,94
2025-05-19,PROD_002,Cooking Oil,180,39,73
2025-05-20,PROD_002,Cooking Oil,180,31,116
2025-05-21,PROD_002,Cooking Oil,180,38,180
2025-05-22,PROD_002,Cooking Oil,180,35,153
2025-05-23,PROD_002,Cooking Oil,180,49,172
2025-05-24,PROD_002,Cooking Oil,180,50,92
2025-05-25,PROD_002,Cooking Oil,180,46,99
2025-05-26,PROD_002,Cooking Oil,180,34,179
2025-05-27,PROD_002,Cooking Oil,180,32,164
2025-05-28,PROD_002,Cooking Oil,180,27,151
2025-05-29,PROD_002,Cooking Oil,180,38,197
2025-05-30,PROD_002,Cooking Oil,180,44,62
2025-05-31,PROD_002,Cooking Oil,180,45,104
2025-06-01,PROD_002,Cooking Oil,180,43,125
2025-06-02,PROD_002,Cooking Oil,180,32,109
2025-06-03,PROD_002,Cooking Oil,180,32,91
2025-06-04,PROD_002,Cooking Oil,180,35,177
2025-06-05,PROD_002,Cooking Oil,180,30,90
2025-06-06,PROD_002,Cooking Oil,180,43,175
2025-06-07,PROD_002,Cooking Oil,180,50,121
2025-06-08,PROD_002,Cooking Oil,180,47,190
2025-06-09,PROD_002,Cooking Oil,180,36,51
2025-06-10,PROD_002,Cooking Oil,180,29,136
2025-06-11,PROD_002,Cooking Oil,180,37,182
2025-06-12,PROD_002,Cooking Oil,180,34,80
2025-06-13,PROD_002,Cooking Oil,180,47,60
2025-06-14,PROD_002,Cooking Oil,180,48,187
2025-06-15,PROD_002,Cooking Oil,180,44,136
2025-06-16,PROD_002,Cooking Oil,180,32,65
2025-06-17,PROD_002,Cooking Oil,180,34,64
2025-06-18,PROD_002,Cooking Oil,180,31,179
2025-06-19,PROD_002,Cooking Oil,180,34,60
2025-06-20,PROD_002,Cooking Oil,180,37,186
2025-06-21,PROD_002,Cooking Oil,180,45,89
2025-06-22,PROD_002,Cooking Oil,180,50,111
2025-06-23,PROD_002,Cooking Oil,180,32,136
2025-06-24,PROD_002,Cooking Oil,180,30,160
2025-06-25,PROD_002,Cooking Oil,180,34,192
2025-06-26,PROD_002,Cooking Oil,180,36,165
2025-06-27,PROD_002,Cooking Oil,180,50,58
2025-06-28,PROD_002,Cooking Oil,180,50,138
2025-06-29,PROD_002,Cooking Oil,180,49,80
2025-06-30,PROD_002,Cooking Oil,180,38,72
2025-07-01,PROD_002,Cooking Oil,180,38,171
2025-07-02,PROD_002,Cooking Oil,180,38,172
2025-07-03,PROD_002,Cooking Oil,180,37,149
2025-07-04,PROD_002,Cooking Oil,180,48,197
2025-07-05,PROD_002,Cooking Oil,180,49,192
2025-07-06,PROD_002,Cooking Oil,180,52,150
2025-07-07,PROD_002,Cooking Oil,180,39,94
2025-07-08,PROD_002,Cooking Oil,180,33,152
2025-07-09,PROD_002,Cooking Oil,180,36,143
2025-07-10,PROD_002,Cooking Oil,180,34,122
2025-07-11,PROD_002,Cooking Oil,180,47,86
2025-07-12,PROD_002,Cooking Oil,180,51,60
2025-07-13,PROD_002,Cooking Oil,180,49,103
2025-07-14,PROD_002,Cooking Oil,180,28,120
2025-07-15,PROD_002,Cooking Oil,180,37,67
2025-07-16,PROD_002,Cooking Oil,180,36,78
2025-07-17,PROD_002,Cooking Oil,180,36,184
2025-07-18,PROD_002,Cooking Oil,180,48,150
2025-07-19,PROD_002,Cooking Oil,180,44,128
2025-07-20,PROD_002,Cooking Oil,180,54,54
2025-07-21,PROD_002,Cooking Oil,180,30,77
2025-07-22,PROD_002,Cooking Oil,180,31,97
2025-07-23,PROD_002,Cooking Oil,180,35,164
2025-07-24,PROD_002,Cooking Oil,180,33,101
2025-07-25,PROD_002,Cooking Oil,180,47,158
2025-07-26,PROD_002,Cooking Oil,180,44,58
2025-07-27,PROD_002,Cooking Oil,180,44,184
2025-07-28,PROD_002,Cooking Oil,180,37,70
2025-07-29,PROD_002,Cooking Oil,180,36,51
2025-07-30,PROD_002,Cooking Oil,180,39,100
2025-07-31,PROD_002,Cooking Oil,180,30,179
2025-08-01,PROD_002,Cooking Oil,180,50,89
2025-08-02,PROD_002,Cooking Oil,180,53,85
2025-08-03,PROD_002,Cooking Oil,180,48,184
2025-08-04,PROD_002,Cooking Oil,180,36,122
2025-08-05,PROD_002,Cooking Oil,180,34,157
2025-08-06,PROD_002,Cooking Oil,180,39,133
2025-08-07,PROD_002,Cooking Oil,180,36,136
2025-08-08,PROD_002,Cooking Oil,180,49,91
2025-08-09,PROD_002,Cooking Oil,180,49,66
2025-08-10,PROD_002,Cooking Oil,180,49,88
2025-08-11,PROD_002,Cooking Oil,180,30,131
2025-08-12,PROD_002,Cooking Oil,180,35,55
2025-08-13,PROD_002,Cooking Oil,180,31,93
2025-08-14,PROD_002,Cooking Oil,180,35,53
2025-08-15,PROD_002,Cooking Oil,180,44,183
2025-08-16,PROD_002,Cooking Oil,180,49,72
2025-08-17,PROD_002,Cooking Oil,180,47,111
2025-08-18,PROD_002,Cooking Oil,180,36,124
2025-08-19,PROD_002,Cooking Oil,180,36,134
2025-08-20,PROD_002,Cooking Oil,180,37,150
2025-08-21,PROD_002,Cooking Oil,180,38,156
2025-08-22,PROD_002,Cooking Oil,180,49,152
2024-01-01,PROD_003,Organic Lentils,210,16,152
2024-01-02,PROD_003,Organic Lentils,210,18,136
2024-01-03,PROD_003,Organic Lentils,210,16,53
2024-01-04,PROD_003,Organic Lentils,210,22,99
2024-01-05,PROD_003,Organic Lentils,210,26,125
2024-01-06,PROD_003,Organic Lentils,210,21,92
2024-01-07,PROD_003,Organic Lentils,210,18,124
2024-01-08,PROD_003,Organic Lentils,210,16,153
2024-01-09,PROD_003,Organic Lentils,210,13,64
2024-01-10,PROD_003,Organic Lentils,210,18,105
2024-01-11,PROD_003,Organic Lentils,210,16,154
2024-01-12,PROD_003,Organic Lentils,210,22,97
2024-01-13,PROD_003,Organic Lentils,210,22,73
2024-01-14,PROD_003,Organic Lentils,210,22,191
2024-01-15,PROD_003,Organic Lentils,210,16,80
2024-01-16,PROD_003,Organic Lentils,210,12,108
2024-01-17,PROD_003,Organic Lentils,210,15,106
2024-01-18,PROD_003,Organic Lentils,210,13,71
2024-01-19,PROD_003,Organic Lentils,210,17,167
2024-01-20,PROD_003,Organic Lentils,210,20,71
2024-01-21,PROD_003,Organic Lentils,210,23,129
2024-01-22,PROD_003,Organic Lentils,210,18,77
2024-01-23,PROD_003,Organic Lentils,210,15,82
2024-01-24,PROD_003,Organic Lentils,210,13,75
2024-01-25,PROD_003,Organic Lentils,210,20,153
2024-01-26,PROD_003,Organic Lentils,210,22,90
2024-01-27,PROD_003,Organic Lentils,210,19,189
2024-01-28,PROD_003,Organic Lentils,210,20,132
2024-01-29,PROD_003,Organic Lentils,210,16,181
2024-01-30,PROD_003,Organic Lentils,210,14,77
2024-01-31,PROD_003,Organic Lentils,210,23,178
2024-02-01,PROD_003,Organic Lentils,210,17,191
2024-02-02,PROD_003,Organic Lentils,210,21,63
2024-02-03,PROD_003,Organic Lentils,210,20,186
2024-02-04,PROD_003,Organic Lentils,210,24,50
2024-02-05,PROD_003,Organic Lentils,210,13,162
2024-02-06,PROD_003,Organic Lentils,210,14,65
2024-02-07,PROD_003,Organic Lentils,210,19,94
2024-02-08,PROD_003,Organic Lentils,210,15,93
2024-02-09,PROD_003,Organic Lentils,210,23,192
2024-02-10,PROD_003,Organic Lentils,210,24,70
2024-02-11,PROD_003,Organic Lentils,210,24,65
2024-02-12,PROD_003,Organic Lentils,210,19,151
2024-02-13,PROD_003,Organic Lentils,210,17,119
2024-02-14,PROD_003,Organic Lentils,210,13,64
2024-02-15,PROD_003,Organic Lentils,210,17,172
2024-02-16,PROD_003,Organic Lentils,210,20,144
2024-02-17,PROD_003,Organic Lentils,210,20,199
2024-02-18,PROD_003,Organic Lentils,210,20,77
2024-02-19,PROD_003,Organic Lentils,210,16,143
2024-02-20,PROD_003,Organic Lentils,210,16,180
2024-02-21,PROD_003,Organic Lentils,210,22,105
2024-02-22,PROD_003,Organic Lentils,210,12,128
2024-02-23,PROD_003,Organic Lentils,210,20,166
2024-02-24,PROD_003,Organic Lentils,210,24,182
2024-02-25,PROD_003,Organic Lentils,210,21,196
2024-02-26,PROD_003,Organic Lentils,210,11,61
2024-02-27,PROD_003,Organic Lentils,210,9,139
2024-02-28,PROD_003,Organic Lentils,210,15,114
2024-02-29,PROD_003,Organic Lentils,210,12,60
2024-03-01,PROD_003,Organic Lentils,210,16,64
2024-03-02,PROD_003,Organic Lentils,210,24,195
2024-03-03,PROD_003,Organic Lentils,210,16,154
2024-03-04,PROD_003,Organic Lentils,210,16,166
2024-03-05,PROD_003,Organic Lentils,210,16,116
2024-03-06,PROD_003,Organic Lentils,210,16,85
2024-03-07,PROD_003,Organic Lentils,210,9,186
2024-03-08,PROD_003,Organic Lentils,210,24,141
2024-03-09,PROD_003,Organic Lentils,210,23,119
2024-03-10,PROD_003,Organic Lentils,210,22,141
2024-03-11,PROD_003,Organic Lentils,210,19,114
2024-03-12,PROD_003,Organic Lentils,210,15,157
2024-03-13,PROD_003,Organic Lentils,210,12,187
2024-03-14,PROD_003,Organic Lentils,210,13,193
2024-03-15,PROD_003,Organic Lentils,210,21,148
2024-03-16,PROD_003,Organic Lentils,210,20,67
2024-03-17,PROD_003,Organic Lentils,210,22,166
2024-03-18,PROD_003,Organic Lentils,210,16,80
2024-03-19,PROD_003,Organic Lentils,210,10,72
2024-03-20,PROD_003,Organic Lentils,210,20,182
2024-03-21,PROD_003,Organic Lentils,210,17,135
2024-03-22,PROD_003,Organic Lentils,210,22,124
2024-03-23,PROD_003,Organic Lentils,210,20,52
2024-03-24,PROD_003,Organic Lentils,210,20,62
2024-03-25,PROD_003,Organic Lentils,210,14,112
2024-03-26,PROD_003,Organic Lentils,210,25,60
2024-03-27,PROD_003,Organic Lentils,210,21,120
2024-03-28,PROD_003,Organic Lentils,210,20,186
2024-03-29,PROD_003,Organic Lentils,210,18,58
2024-03-30,PROD_003,Organic Lentils,210,18,141
2024-03-31,PROD_003,Organic Lentils,210,19,155
2024-04-01,PROD_003,Organic Lentils,210,14,139
2024-04-02,PROD_003,Organic Lentils,210,12,53
2024-04-03,PROD_003,Organic Lentils,210,16,183
2024-04-04,PROD_003,Organic Lentils,210,13,76
2024-04-05,PROD_003,Organic Lentils,210,22,88
2024-04-06,PROD_003,Organic Lentils,210,21,179
2024-04-07,PROD_003,Organic Lentils,210,22,88
2024-04-08,PROD_003,Organic Lentils,210,18,165
2024-04-09,PROD_003,Organic Lentils,210,15,177
2024-04-10,PROD_003,Organic Lentils,210,15,158
2024-04-11,PROD_003,Organic Lentils,210,12,148
2024-04-12,PROD_003,Organic Lentils,210,23,195
2024-04-13,PROD_003,Organic Lentils,210,22,141
2024-04-14,PROD_003,Organic Lentils,210,19,126
2024-04-15,PROD_003,Organic Lentils,210,12,122
2024-04-16,PROD_003,Organic Lentils,210,14,50
2024-04-17,PROD_003,Organic Lentils,210,20,72
2024-04-18,PROD_003,Organic Lentils,210,13,55
2024-04-19,PROD_003,Organic Lentils,210,23,60
2024-04-20,PROD_003,Organic Lentils,210,22,103
2024-04-21,PROD_003,Organic Lentils,210,20,112
2024-04-22,PROD_003,Organic Lentils,210,11,59
2024-04-23,PROD_003,Organic Lentils,210,16,57
2024-04-24,PROD_003,Organic Lentils,210,10,140
2024-04-25,PROD_003,Organic Lentils,210,17,61
2024-04-26,PROD_003,Organic Lentils,210,14,124
2024-04-27,PROD_003,Organic Lentils,210,25,67
2024-04-28,PROD_003,Organic Lentils,210,22,51
2024-04-29,PROD_003,Organic Lentils,210,20,119
2024-04-30,PROD_003,Organic Lentils,210,20,78
2024-05-01,PROD_003,Organic Lentils,210,11,97
2024-05-02,PROD_003,Organic Lentils,210,16,180
2024-05-03,PROD_003,Organic Lentils,210,22,58
2024-05-04,PROD_003,Organic Lentils,210,20,95
2024-05-05,PROD_003,Organic Lentils,210,24,151
2024-05-06,PROD_003,Organic Lentils,210,12,143
2024-05-07,PROD_003,Organic Lentils,210,19,154
2024-05-08,PROD_003,Organic Lentils,210,16,53
2024-05-09,PROD_003,Organic Lentils,210,20,70
2024-05-10,PROD_003,Organic Lentils,210,20,109
2024-05-11,PROD_003,Organic Lentils,210,29,64
2024-05-12,PROD_003,Organic Lentils,210,22,66
2024-05-13,PROD_003,Organic Lentils,210,13,96
2024-05-14,PROD_003,Organic Lentils,210,19,76
2024-05-15,PROD_003,Organic Lentils,210,18,171
2024-05-16,PROD_003,Organic Lentils,210,12,194
2024-05-17,PROD_003,Organic Lentils,210,20,62
2024-05-18,PROD_003,Organic Lentils,210,27,65
2024-05-19,PROD_003,Organic Lentils,210,21,190
2024-05-20,PROD_003,Organic Lentils,210,18,158
2024-05-21,PROD_003,Organic Lentils,210,17,179
2024-05-22,PROD_003,Organic Lentils,210,16,131
2024-05-23,PROD_003,Organic Lentils,210,16,143
2024-05-24,PROD_003,Organic Lentils,210,23,70
2024-05-25,PROD_003,Organic Lentils,210,24,145
2024-05-26,PROD_003,Organic Lentils,210,23,59
2024-05-27,PROD_003,Organic Lentils,210,17,137
2024-05-28,PROD_003,Organic Lentils,210,15,143
2024-05-29,PROD_003,Organic Lentils,210,14,101
2024-05-30,PROD_003,Organic Lentils,210,15,158
2024-05-31,PROD_003,Organic Lentils,210,23,74
2024-06-01,PROD_003,Organic Lentils,210,22,119
2024-06-02,PROD_003,Organic Lentils,210,27,90
2024-06-03,PROD_003,Organic Lentils,210,14,190
2024-06-04,PROD_003,Organic Lentils,210,11,145
2024-06-05,PROD_003,Organic Lentils,210,16,50
2024-06-06,PROD_003,Organic Lentils,210,19,74
2024-06-07,PROD_003,Organic Lentils,210,20,73
2024-06-08,PROD_003,Organic Lentils,210,22,99
2024-06-09,PROD_003,Organic Lentils,210,23,146
2024-06-10,PROD_003,Organic Lentils,210,13,123
2024-06-11,PROD_003,Organic Lentils,210,12,167
2024-06-12,PROD_003,Organic Lentils,210,17,100
2024-06-13,PROD_003,Organic Lentils,210,18,150
2024-06-14,PROD_003,Organic Lentils,210,26,52
2024-06-15,PROD_003,Organic Lentils,210,25,131
2024-06-16,PROD_003,Organic Lentils,210,21,82
2024-06-17,PROD_003,Organic Lentils,210,21,81
2024-06-18,PROD_003,Organic Lentils,210,17,143
2024-06-19,PROD_003,Organic Lentils,210,20,105
2024-06-20,PROD_003,Organic Lentils,210,15,81
2024-06-21,PROD_003,Organic Lentils,210,27,109
2024-06-22,PROD_003,Organic Lentils,210,25,192
2024-06-23,PROD_003,Organic Lentils,210,21,162
2024-06-24,PROD_003,Organic Lentils,210,16,91
2024-06-25,PROD_003,Organic Lentils,210,14,65
2024-06-26,PROD_003,Organic Lentils,210,12,156
2024-06-27,PROD_003,Organic Lentils,210,17,149
2024-06-28,PROD_003,Organic Lentils,210,29,65
2024-06-29,PROD_003,Organic Lentils,210,18,197
2024-06-30,PROD_003,Organic Lentils,210,18,165
2024-07-01,PROD_003,Organic Lentils,210,17,89
2024-07-02,PROD_003,Organic Lentils,210,10,132
2024-07-03,PROD_003,Organic Lentils,210,10,96
2024-07-04,PROD_003,Organic Lentils,210,22,180
2024-07-05,PROD_003,Organic Lentils,210,20,167
2024-07-06,PROD_003,Organic Lentils,210,23,175
2024-07-07,PROD_003,Organic Lentils,210,25,170
2024-07-08,PROD_003,Organic Lentils,210,15,81
2024-07-09,PROD_003,Organic Lentils,210,13,89
2024-07-10,PROD_003,Organic Lentils,210,18,84
2024-07-11,PROD_003,Organic Lentils,210,21,178
2024-07-12,PROD_003,Organic Lentils,210,23,174
2024-07-13,PROD_003,Organic Lentils,210,27,83
2024-07-14,PROD_003,Organic Lentils,210,25,175
2024-07-15,PROD_003,Organic Lentils,210,14,80
2024-07-16,PROD_003,Organic Lentils,210,17,104
2024-07-17,PROD_003,Organic Lentils,210,20,84
2024-07-18,PROD_003,Organic Lentils,210,21,88
2024-07-19,PROD_003,Organic Lentils,210,22,115
2024-07-20,PROD_003,Organic Lentils,210,23,100
2024-07-21,PROD_003,Organic Lentils,210,21,173
2024-07-22,PROD_003,Organic Lentils,210,17,193
2024-07-23,PROD_003,Organic Lentils,210,11,179
2024-07-24,PROD_003,Organic Lentils,210,18,131
2024-07-25,PROD_003,Organic Lentils,210,15,106
2024-07-26,PROD_003,Organic Lentils,210,26,68
2024-07-27,PROD_003,Organic Lentils,210,23,156
2024-07-28,PROD_003,Organic Lentils,210,19,139
2024-07-29,PROD_003,Organic Lentils,210,15,169
2024-07-30,PROD_003,Organic Lentils,210,16,170
2024-07-31,PROD_003,Organic Lentils,210,15,168
2024-08-01,PROD_003,Organic Lentils,210,17,81
2024-08-02,PROD_003,Organic Lentils,210,28,67
2024-08-03,PROD_003,Organic Lentils,210,25,104
2024-08-04,PROD_003,Organic Lentils,210,20,185
2024-08-05,PROD_003,Organic Lentils,210,16,110
2024-08-06,PROD_003,Organic Lentils,210,16,58
2024-08-07,PROD_003,Organic Lentils,210,13,198
2024-08-08,PROD_003,Organic Lentils,210,17,176
2024-08-09,PROD_003,Organic Lentils,210,23,51
2024-08-10,PROD_003,Organic Lentils,210,23,104
2024-08-11,PROD_003,Organic Lentils,210,19,106
2024-08-12,PROD_003,Organic Lentils,210,17,158
2024-08-13,PROD_003,Organic Lentils,210,18,148
2024-08-14,PROD_003,Organic Lentils,210,21,76
2024-08-15,PROD_003,Organic Lentils,210,16,50
2024-08-16,PROD_003,Organic Lentils,210,27,108
2024-08-17,PROD_003,Organic Lentils,210,22,121
2024-08-18,PROD_003,Organic Lentils,210,26,127
2024-08-19,PROD_003,Organic Lentils,210,17,75
2024-08-20,PROD_003,Organic Lentils,210,16,165
2024-08-21,PROD_003,Organic Lentils,210,23,122
2024-08-22,PROD_003,Organic Lentils,210,19,106
2024-08-23,PROD_003,Organic Lentils,210,27,142
2024-08-24,PROD_003,Organic Lentils,210,21,91
2024-08-25,PROD_003,Organic Lentils,210,27,82
2024-08-26,PROD_003,Organic Lentils,210,12,128
2024-08-27,PROD_003,Organic Lentils,210,17,188
2024-08-28,PROD_003,Organic Lentils,210,19,119
2024-08-29,PROD_003,Organic Lentils,210,14,82
2024-08-30,PROD_003,Organic Lentils,210,26,95
2024-08-31,PROD_003,Organic Lentils,210,23,127
2024-09-01,PROD_003,Organic Lentils,210,26,194
2024-09-02,PROD_003,Organic Lentils,210,17,112
2024-09-03,PROD_003,Organic Lentils,210,16,142
2024-09-04,PROD_003,Organic Lentils,210,18,160
2024-09-05,PROD_003,Organic Lentils,210,20,192
2024-09-06,PROD_003,Organic Lentils,210,22,110
2024-09-07,PROD_003,Organic Lentils,210,19,132
2024-09-08,PROD_003,Organic Lentils,210,26,122
2024-09-09,PROD_003,Organic Lentils,210,21,107
2024-09-10,PROD_003,Organic Lentils,210,16,84
2024-09-11,PROD_003,Organic Lentils,210,17,99
2024-09-12,PROD_003,Organic Lentils,210,23,135
2024-09-13,PROD_003,Organic Lentils,210,33,79
2024-09-14,PROD_003,Organic Lentils,210,20,72
2024-09-15,PROD_003,Organic Lentils,210,19,157
2024-09-16,PROD_003,Organic Lentils,210,14,162
2024-09-17,PROD_003,Organic Lentils,210,19,151
2024-09-18,PROD_003,Organic Lentils,210,15,179
2024-09-19,PROD_003,Organic Lentils,210,15,65
2024-09-20,PROD_003,Organic Lentils,210,30,92
2024-09-21,PROD_003,Organic Lentils,210,27,147
2024-09-22,PROD_003,Organic Lentils,210,20,194
2024-09-23,PROD_003,Organic Lentils,210,17,104
2024-09-24,PROD_003,Organic Lentils,210,15,178
2024-09-25,PROD_003,Organic Lentils,210,17,112
2024-09-26,PROD_003,Organic Lentils,210,21,108
2024-09-27,PROD_003,Organic Lentils,210,24,55
2024-09-28,PROD_003,Organic Lentils,210,22,117
2024-09-29,PROD_003,Organic Lentils,210,24,162
2024-09-30,PROD_003,Organic Lentils,210,17,186
2024-10-01,PROD_003,Organic Lentils,210,14,149
2024-10-02,PROD_003,Organic Lentils,210,20,112
2024-10-03,PROD_003,Organic Lentils,210,16,126
2024-10-04,PROD_003,Organic Lentils,210,26,56
2024-10-05,PROD_003,Organic Lentils,210,28,109
2024-10-06,PROD_003,Organic Lentils,210,30,173
2024-10-07,PROD_003,Organic Lentils,210,22,136
2024-10-08,PROD_003,Organic Lentils,210,16,84
2024-10-09,PROD_003,Organic Lentils,210,18,140
2024-10-10,PROD_003,Organic Lentils,210,17,118
2024-10-11,PROD_003,Organic Lentils,210,22,132
2024-10-12,PROD_003,Organic Lentils,210,25,69
2024-10-13,PROD_003,Organic Lentils,210,27,80
2024-10-14,PROD_003,Organic Lentils,210,15,58
2024-10-15,PROD_003,Organic Lentils,210,16,106
2024-10-16,PROD_003,Organic Lentils,210,14,103
2024-10-17,PROD_003,Organic Lentils,210,20,172
2024-10-18,PROD_003,Organic Lentils,210,25,182
2024-10-19,PROD_003,Organic Lentils,210,22,55
2024-10-20,PROD_003,Organic Lentils,210,21,134
2024-10-21,PROD_003,Organic Lentils,210,15,85
2024-10-22,PROD_003,Organic Lentils,210,15,57
2024-10-23,PROD_003,Organic Lentils,210,22,186
2024-10-24,PROD_003,Organic Lentils,210,18,127
2024-10-25,PROD_003,Organic Lentils,210,17,55
2024-10-26,PROD_003,Organic Lentils,210,28,162
2024-10-27,PROD_003,Organic Lentils,210,20,115
2024-10-28,PROD_003,Organic Lentils,210,21,176
2024-10-29,PROD_003,Organic Lentils,210,20,189
2024-10-30,PROD_003,Organic Lentils,210,14,79
2024-10-31,PROD_003,Organic Lentils,210,15,72
2024-11-01,PROD_003,Organic Lentils,210,24,191
2024-11-02,PROD_003,Organic Lentils,210,26,86
2024-11-03,PROD_003,Organic Lentils,210,28,63
2024-11-04,PROD_003,Organic Lentils,210,17,68
2024-11-05,PROD_003,Organic Lentils,210,18,138
2024-11-06,PROD_003,Organic Lentils,210,18,162
2024-11-07,PROD_003,Organic Lentils,210,16,114
2024-11-08,PROD_003,Organic Lentils,210,24,73
2024-11-09,PROD_003,Organic Lentils,210,28,95
2024-11-10,PROD_003,Organic Lentils,210,22,74
2024-11-11,PROD_003,Organic Lentils,210,15,174
2024-11-12,PROD_003,Organic Lentils,210,16,91
2024-11-13,PROD_003,Organic Lentils,210,16,139
2024-11-14,PROD_003,Organic Lentils,210,24,79
2024-11-15,PROD_003,Organic Lentils,210,27,59
2024-11-16,PROD_003,Organic Lentils,210,24,194
2024-11-17,PROD_003,Organic Lentils,210,27,194
2024-11-18,PROD_003,Organic Lentils,210,20,53
2024-11-19,PROD_003,Organic Lentils,210,17,144
2024-11-20,PROD_003,Organic Lentils,210,23,178
2024-11-21,PROD_003,Organic Lentils,210,15,74
2024-11-22,PROD_003,Organic Lentils,210,27,183
2024-11-23,PROD_003,Organic Lentils,210,21,147
2024-11-24,PROD_003,Organic Lentils,210,25,77
2024-11-25,PROD_003,Organic Lentils,210,18,172
2024-11-26,PROD_003,Organic Lentils,210,20,196
2024-11-27,PROD_003,Organic Lentils,210,18,77
2024-11-28,PROD_003,Organic Lentils,210,20,177
2024-11-29,PROD_003,Organic Lentils,210,26,192
2024-11-30,PROD_003,Organic Lentils,210,22,186
2024-12-01,PROD_003,Organic Lentils,210,23,66
2024-12-02,PROD_003,Organic Lentils,210,22,173
2024-12-03,PROD_003,Organic Lentils,210,18,104
2024-12-04,PROD_003,Organic Lentils,210,16,64
2024-12-05,PROD_003,Organic Lentils,210,17,140
2024-12-06,PROD_003,Organic Lentils,210,24,131
2024-12-07,PROD_003,Organic Lentils,210,22,186
2024-12-08,PROD_003,Organic Lentils,210,28,57
2024-12-09,PROD_003,Organic Lentils,210,21,115
2024-12-10,PROD_003,Organic Lentils,210,15,121
2024-12-11,PROD_003,Organic Lentils,210,19,52
2024-12-12,PROD_003,Organic Lentils,210,17,71
2024-12-13,PROD_003,Organic Lentils,210,23,83
2024-12-14,PROD_003,Organic Lentils,210,22,69
2024-12-15,PROD_003,Organic Lentils,210,29,160
2024-12-16,PROD_003,Organic Lentils,210,19,112
2024-12-17,PROD_003,Organic Lentils,210,24,145
2024-12-18,PROD_003,Organic Lentils,210,22,118
2024-12-19,PROD_003,Organic Lentils,210,15,171
2024-12-20,PROD_003,Organic Lentils,210,24,170
2024-12-21,PROD_003,Organic Lentils,210,22,56
2024-12-22,PROD_003,Organic Lentils,210,27,173
2024-12-23,PROD_003,Organic Lentils,210,19,68
2024-12-24,PROD_003,Organic Lentils,210,15,113
2024-12-25,PROD_003,Organic Lentils,210,16,127
2024-12-26,PROD_003,Organic Lentils,210,19,55
2024-12-27,PROD_003,Organic Lentils,210,22,97
2024-12-28,PROD_003,Organic Lentils,210,24,186
2024-12-29,PROD_003,Organic Lentils,210,21,198
2024-12-30,PROD_003,Organic Lentils,210,18,80
2024-12-31,PROD_003,Organic Lentils,210,18,87
2025-01-01,PROD_003,Organic Lentils,210,14,64
2025-01-02,PROD_003,Organic Lentils,210,19,87
2025-01-03,PROD_003,Organic Lentils,210,22,112
2025-01-04,PROD_003,Organic Lentils,210,25,192
2025-01-05,PROD_003,Organic Lentils,210,26,131
2025-01-06,PROD_003,Organic Lentils,210,17,161
2025-01-07,PROD_003,Organic Lentils,210,17,142
2025-01-08,PROD_003,Organic Lentils,210,23,146
2025-01-09,PROD_003,Organic Lentils,210,23,94
2025-01-10,PROD_003,Organic Lentils,210,22,193
2025-01-11,PROD_003,Organic Lentils,210,32,121
2025-01-12,PROD_003,Organic Lentils,210,28,113
2025-01-13,PROD_003,Organic Lentils,210,19,171
2025-01-14,PROD_003,Organic Lentils,210,19,171
2025-01-15,PROD_003,Organic Lentils,210,18,122
2025-01-16,PROD_003,Organic Lentils,210,19,101
2025-01-17,PROD_003,Organic Lentils,210,20,125
2025-01-18,PROD_003,Organic Lentils,210,23,199
2025-01-19,PROD_003,Organic Lentils,210,21,74
2025-01-20,PROD_003,Organic Lentils,210,16,81
2025-01-21,PROD_003,Organic Lentils,210,17,164
2025-01-22,PROD_003,Organic Lentils,210,19,142
2025-01-23,PROD_003,Organic Lentils,210,20,105
2025-01-24,PROD_003,Organic Lentils,210,23,56
2025-01-25,PROD_003,Organic Lentils,210,27,100
2025-01-26,PROD_003,Organic Lentils,210,21,135
2025-01-27,PROD_003,Organic Lentils,210,16,74
2025-01-28,PROD_003,Organic Lentils,210,19,123
2025-01-29,PROD_003,Organic Lentils,210,22,177
2025-01-30,PROD_003,Organic Lentils,210,21,166
2025-01-31,PROD_003,Organic Lentils,210,30,125
2025-02-01,PROD_003,Organic Lentils,210,24,83
2025-02-02,PROD_003,Organic Lentils,210,25,122
2025-02-03,PROD_003,Organic Lentils,210,24,165
2025-02-04,PROD_003,Organic Lentils,210,18,78
2025-02-05,PROD_003,Organic Lentils,210,21,167
2025-02-06,PROD_003,Organic Lentils,210,19,67
2025-02-07,PROD_003,Organic Lentils,210,29,78
2025-02-08,PROD_003,Organic Lentils,210,27,151
2025-02-09,PROD_003,Organic Lentils,210,26,121
2025-02-10,PROD_003,Organic Lentils,210,16,133
2025-02-11,PROD_003,Organic Lentils,210,16,88
2025-02-12,PROD_003,Organic Lentils,210,20,120
2025-02-13,PROD_003,Organic Lentils,210,17,72
2025-02-14,PROD_003,Organic Lentils,210,27,56
2025-02-15,PROD_003,Organic Lentils,210,24,70
2025-02-16,PROD_003,Organic Lentils,210,29,130
2025-02-17,PROD_003,Organic Lentils,210,15,196
2025-02-18,PROD_003,Organic Lentils,210,15,80
2025-02-19,PROD_003,Organic Lentils,210,22,173
2025-02-20,PROD_003,Organic Lentils,210,21,137
2025-02-21,PROD_003,Organic Lentils,210,29,83
2025-02-22,PROD_003,Organic Lentils,210,28,191
2025-02-23,PROD_003,Organic Lentils,210,31,65
2025-02-24,PROD_003,Organic Lentils,210,12,63
2025-02-25,PROD_003,Organic Lentils,210,17,168
2025-02-26,PROD_003,Organic Lentils,210,15,87
2025-02-27,PROD_003,Organic Lentils,210,17,62
2025-02-28,PROD_003,Organic Lentils,210,29,178
2025-03-01,PROD_003,Organic Lentils,210,29,183
2025-03-02,PROD_003,Organic Lentils,210,25,83
2025-03-03,PROD_003,Organic Lentils,210,25,96
2025-03-04,PROD_003,Organic Lentils,210,23,85
2025-03-05,PROD_003,Organic Lentils,210,15,155
2025-03-06,PROD_003,Organic Lentils,210,19,175
2025-03-07,PROD_003,Organic Lentils,210,27,68
2025-03-08,PROD_003,Organic Lentils,210,27,178
2025-03-09,PROD_003,Organic Lentils,210,27,148
2025-03-10,PROD_003,Organic Lentils,210,22,177
2025-03-11,PROD_003,Organic Lentils,210,19,180
2025-03-12,PROD_003,Organic Lentils,210,19,89
2025-03-13,PROD_003,Organic Lentils,210,19,137
2025-03-14,PROD_003,Organic Lentils,210,26,147
2025-03-15,PROD_003,Organic Lentils,210,31,123
2025-03-16,PROD_003,Organic Lentils,210,26,147
2025-03-17,PROD_003,Organic Lentils,210,20,146
2025-03-18,PROD_003,Organic Lentils,210,15,197
2025-03-19,PROD_003,Organic Lentils,210,15,102
2025-03-20,PROD_003,Organic Lentils,210,16,145
2025-03-21,PROD_003,Organic Lentils,210,25,70
2025-03-22,PROD_003,Organic Lentils,210,26,68
2025-03-23,PROD_003,Organic Lentils,210,28,189
2025-03-24,PROD_003,Organic Lentils,210,18,170
2025-03-25,PROD_003,Organic Lentils,210,20,98
2025-03-26,PROD_003,Organic Lentils,210,16,84
2025-03-27,PROD_003,Organic Lentils,210,20,186
2025-03-28,PROD_003,Organic Lentils,210,26,88
2025-03-29,PROD_003,Organic Lentils,210,25,68
2025-03-30,PROD_003,Organic Lentils,210,32,129
2025-03-31,PROD_003,Organic Lentils,210,22,72
2025-04-01,PROD_003,Organic Lentils,210,19,193
2025-04-02,PROD_003,Organic Lentils,210,13,105
2025-04-03,PROD_003,Organic Lentils,210,15,116
2025-04-04,PROD_003,Organic Lentils,210,32,181
2025-04-05,PROD_003,Organic Lentils,210,23,50
2025-04-06,PROD_003,Organic Lentils,210,24,78
2025-04-07,PROD_003,Organic Lentils,210,21,118
2025-04-08,PROD_003,Organic Lentils,210,20,154
2025-04-09,PROD_003,Organic Lentils,210,20,115
2025-04-10,PROD_003,Organic Lentils,210,22,116
2025-04-11,PROD_003,Organic Lentils,210,26,119
2025-04-12,PROD_003,Organic Lentils,210,29,145
2025-04-13,PROD_003,Organic Lentils,210,26,86
2025-04-14,PROD_003,Organic Lentils,210,21,151
2025-04-15,PROD_003,Organic Lentils,210,19,144
2025-04-16,PROD_003,Organic Lentils,210,19,102
2025-04-17,PROD_003,Organic Lentils,210,15,83
2025-04-18,PROD_003,Organic Lentils,210,28,64
2025-04-19,PROD_003,Organic Lentils,210,30,72
2025-04-20,PROD_003,Organic Lentils,210,24,93
2025-04-21,PROD_003,Organic Lentils,210,16,162
2025-04-22,PROD_003,Organic Lentils,210,24,115
2025-04-23,PROD_003,Organic Lentils,210,22,161
2025-04-24,PROD_003,Organic Lentils,210,17,95
2025-04-25,PROD_003,Organic Lentils,210,26,154
2025-04-26,PROD_003,Organic Lentils,210,19,197
2025-04-27,PROD_003,Organic Lentils,210,22,102
2025-04-28,PROD_003,Organic Lentils,210,23,189
2025-04-29,PROD_003,Organic Lentils,210,16,96
2025-04-30,PROD_003,Organic Lentils,210,17,150
2025-05-01,PROD_003,Organic Lentils,210,21,54
2025-05-02,PROD_003,Organic Lentils,210,28,169
2025-05-03,PROD_003,Organic Lentils,210,30,121
2025-05-04,PROD_003,Organic Lentils,210,26,101
2025-05-05,PROD_003,Organic Lentils,210,17,171
2025-05-06,PROD_003,Organic Lentils,210,21,116
2025-05-07,PROD_003,Organic Lentils,210,21,57
2025-05-08,PROD_003,Organic Lentils,210,17,194
2025-05-09,PROD_003,Organic Lentils,210,31,85
2025-05-10,PROD_003,Organic Lentils,210,27,149
2025-05-11,PROD_003,Organic Lentils,210,29,76
2025-05-12,PROD_003,Organic Lentils,210,16,104
2025-05-13,PROD_003,Organic Lentils,210,17,162
2025-05-14,PROD_003,Organic Lentils,210,13,153
2025-05-15,PROD_003,Organic Lentils,210,17,137
2025-05-16,PROD_003,Organic Lentils,210,25,147
2025-05-17,PROD_003,Organic Lentils,210,23,128
2025-05-18,PROD_003,Organic Lentils,210,28,131
2025-05-19,PROD_003,Organic Lentils,210,18,137
2025-05-20,PROD_003,Organic Lentils,210,19,167
2025-05-21,PROD_003,Organic Lentils,210,26,136
2025-05-22,PROD_003,Organic Lentils,210,22,139
2025-05-23,PROD_003,Organic Lentils,210,29,195
2025-05-24,PROD_003,Organic Lentils,210,24,131
2025-05-25,PROD_003,Organic Lentils,210,31,72
2025-05-26,PROD_003,Organic Lentils,210,16,130
2025-05-27,PROD_003,Organic Lentils,210,18,157
2025-05-28,PROD_003,Organic Lentils,210,19,137
2025-05-29,PROD_003,Organic Lentils,210,19,141
2025-05-30,PROD_003,Organic Lentils,210,30,111
2025-05-31,PROD_003,Organic Lentils,210,25,183
2025-06-01,PROD_003,Organic Lentils,210,30,161
2025-06-02,PROD_003,Organic Lentils,210,16,186
2025-06-03,PROD_003,Organic Lentils,210,16,174
2025-06-04,PROD_003,Organic Lentils,210,20,162
2025-06-05,PROD_003,Organic Lentils,210,18,171
2025-06-06,PROD_003,Organic Lentils,210,24,95
2025-06-07,PROD_003,Organic Lentils,210,34,123
2025-06-08,PROD_003,Organic Lentils,210,26,113
2025-06-09,PROD_003,Organic Lentils,210,24,119
2025-06-10,PROD_003,Organic Lentils,210,20,59
2025-06-11,PROD_003,Organic Lentils,210,18,78
2025-06-12,PROD_003,Organic Lentils,210,17,95
2025-06-13,PROD_003,Organic Lentils,210,26,98
2025-06-14,PROD_003,Organic Lentils,210,30,106
2025-06-15,PROD_003,Organic Lentils,210,31,156
2025-06-16,PROD_003,Organic Lentils,210,21,174
2025-06-17,PROD_003,Organic Lentils,210,20,148
2025-06-18,PROD_003,Organic Lentils,210,23,183
2025-06-19,PROD_003,Organic Lentils,210,20,132
2025-06-20,PROD_003,Organic Lentils,210,19,140
2025-06-21,PROD_003,Organic Lentils,210,28,197
2025-06-22,PROD_003,Organic Lentils,210,28,114
2025-06-23,PROD_003,Organic Lentils,210,18,109
2025-06-24,PROD_003,Organic Lentils,210,21,165
2025-06-25,PROD_003,Organic Lentils,210,21,132
2025-06-26,PROD_003,Organic Lentils,210,21,130
2025-06-27,PROD_003,Organic Lentils,210,25,66
2025-06-28,PROD_003,Organic Lentils,210,30,104
2025-06-29,PROD_003,Organic Lentils,210,28,87
2025-06-30,PROD_003,Organic Lentils,210,27,128
2025-07-01,PROD_003,Organic Lentils,210,23,157
2025-07-02,PROD_003,Organic Lentils,210,21,176
2025-07-03,PROD_003,Organic Lentils,210,15,143
2025-07-04,PROD_003,Organic Lentils,210,29,88
2025-07-05,PROD_003,Organic Lentils,210,25,73
2025-07-06,PROD_003,Organic Lentils,210,26,167
2025-07-07,PROD_003,Organic Lentils,210,28,134
2025-07-08,PROD_003,Organic Lentils,210,27,126
2025-07-09,PROD_003,Organic Lentils,210,17,96
2025-07-10,PROD_003,Organic Lentils,210,20,58
2025-07-11,PROD_003,Organic Lentils,210,33,174
2025-07-12,PROD_003,Organic Lentils,210,26,109
2025-07-13,PROD_003,Organic Lentils,210,28,117
2025-07-14,PROD_003,Organic Lentils,210,19,123
2025-07-15,PROD_003,Organic Lentils,210,18,198
2025-07-16,PROD_003,Organic Lentils,210,18,64
2025-07-17,PROD_003,Organic Lentils,210,19,193
2025-07-18,PROD_003,Organic Lentils,210,27,101
2025-07-19,PROD_003,Organic Lentils,210,31,173
2025-07-20,PROD_003,Organic Lentils,210,29,199
2025-07-21,PROD_003,Organic Lentils,210,20,60
2025-07-22,PROD_003,Organic Lentils,210,21,198
2025-07-23,PROD_003,Organic Lentils,210,20,187
2025-07-24,PROD_003,Organic Lentils,210,15,135
2025-07-25,PROD_003,Organic Lentils,210,29,51
2025-07-26,PROD_003,Organic Lentils,210,23,88
2025-07-27,PROD_003,Organic Lentils,210,30,151
2025-07-28,PROD_003,Organic Lentils,210,16,166
2025-07-29,PROD_003,Organic Lentils,210,20,65
2025-07-30,PROD_003,Organic Lentils,210,24,69
2025-07-31,PROD_003,Organic Lentils,210,14,131
2025-08-01,PROD_003,Organic Lentils,210,29,68
2025-08-02,PROD_003,Organic Lentils,210,28,77
2025-08-03,PROD_003,Organic Lentils,210,25,80
2025-08-04,PROD_003,Organic Lentils,210,22,77
2025-08-05,PROD_003,Organic Lentils,210,24,78
2025-08-06,PROD_003,Organic Lentils,210,22,51
2025-08-07,PROD_003,Organic Lentils,210,18,101
2025-08-08,PROD_003,Organic Lentils,210,25,69
2025-08-09,PROD_003,Organic Lentils,210,25,179
2025-08-10,PROD_003,Organic Lentils,210,28,78
2025-08-11,PROD_003,Organic Lentils,210,22,85
2025-08-12,PROD_003,Organic Lentils,210,16,162
2025-08-13,PROD_003,Organic Lentils,210,25,79
2025-08-14,PROD_003,Organic Lentils,210,18,54
2025-08-15,PROD_003,Organic Lentils,210,28,66
2025-08-16,PROD_003,Organic Lentils,210,32,152
2025-08-17,PROD_003,Organic Lentils,210,25,160
2025-08-18,PROD_003,Organic Lentils,210,21,114
2025-08-19,PROD_003,Organic Lentils,210,20,139
2025-08-20,PROD_003,Organic Lentils,210,18,55
2025-08-21,PROD_003,Organic Lentils,210,22,99
2025-08-22,PROD_003,Organic Lentils,210,33,147
